,part_id,user_def16,user_def2,Proposed change,Difference,part_class
,AAH-ROU-CISCO-887,RC PC,20,15,-5,A
,AAH-ROU-CISCO-C887VAG,RC PC,20,15,-5,A
,AAH-ROU-CISCO-TEMP,RC PC,15,10,-5,A
,ADP-12V-AIO-USB,RC PC,30,20,-10,A
,ADP-ADSL-FILTER,RC PCB,35,10,-25,A
,ADP-BT-SPLIT-LIDL,RC PRINTERS & PERIPHERALS,15,10,-5,A
,ADP-CCTV-RG59-BNC,RC PRINTERS & PERIPHERALS,35,15,-20,A
,ADP-ISC-QMS,RC PC,15,15,0,A
,AP-UNIFI-NANO-HD,RC PC,15,10,-5,A
,ASW-AP-CIS-MER-CW9162,RC PC,15,10,-5,A
,ASW-AP-CIS-MER-MR44,RC PC,15,10,-5,A
,ASW-CAB-WIN-BA92,RC PCB,10,10,0,A
,ASW-CAM-MOT-VB400V3,RC DCD,15,15,0,A
,ASW-CHG-DOCK-VB400,RC ADMIN,10,10,,A
,ASW-DOCK-CON-DC200,RC PC,15,15,0,A
,ASW-PHONE-YEALINK-W73P,RC PC,15,10,-5,A
,ATM-32-LGT-BD-MK2,RC PCB,25,15,-10,A
,ATM-32-REAR-FAN,RC PCB,10,10,0,A
,ATT-WAIT-LOCK-BA83,RC PCB,20,20,0,A
,BEA-PSU-VER-VX680,RC PCB,55,10,-45,A
,CAB-CBNA-UO1-S07ZA,RC DCD,20,10,-10,A
,CAB-DIGI-CAB65200,RC DCD,5,5,0,A
,CAB-DPORT-DPORT,RC PC,10,30,20,A
,CAB-HHP-XEN-1900-USB,RC DCD,20,10,-10,A
,CAB-MET-STD-RS232,RC DCD,20,10,-10,A
,CAB-MOT-U21-S07ZAR,RC DCD,15,10,-5,A
,CAB-SCN-9800-12V-USB,RC DCD,10,10,0,A
,CAB-SCN-DATA-RS232,RC DCD,10,10,0,A
,CAB-SCN-MAG-1500I,RC DCD,10,10,0,A
,CAB-SYM-25-32469-20,RC DCD,15,10,-5,A
,CAB-SYM-DS4208,RC DCD,10,10,0,A
,CAB-SYM-STI85-0200,RC DCD,35,10,-25,A
,CAM-BOBA-CAMERA,RC DCD,15,10,-5,A
,CAM-BOBA-CAM-GRY,RC DCD,15,10,-5,A
,CAM-BOBA-SENSOR,RC DCD,15,10,-5,A
,CCTV-PSU-24V,RC PCB,75,10,-65,A
,CDR-ANK-08512-INSERT,RC PRINTERS & PERIPHERALS,75,15,-60,A
,CDR-DIG-EC410-INSERT,RC PRINTERS & PERIPHERALS,75,15,-60,A
,CDR-FT-EUMOD460-INS,RC PRINTERS & PERIPHERALS,70,15,-55,A
,CDR-FT-MOD460-INSERT,RC PRINTERS & PERIPHERALS,70,15,-55,A
,CDR-J2-INSERT,RC PRINTERS & PERIPHERALS,25,20,-5,A
,CDR-MAT-EP107-INSERT,RC PRINTERS & PERIPHERALS,70,15,-55,A
,CDR-MSC5099-INSERT,RC PRINTERS & PERIPHERALS,75,20,-55,A
,CDR-SL2000-INSERT,RC PRINTERS & PERIPHERALS,35,30,-5,A
,CDR-STD2000-INSERT,RC PRINTERS & PERIPHERALS,30,20,-10,A
,CDR-TEC-51A-INSERT,RC PRINTERS & PERIPHERALS,35,20,-15,A
,CEC-CRA-HHT-5SLOT-TC51,RC DCD,20,15,-5,A
,CEC-CRA-HHT-ZEB-TC51,RC DCD,10,15,5,A
,CEC-PSU-KRO-TIME-CLO,RC PCB,10,10,0,A
,CEC-PSU-M900-65W,RC PCB,10,10,0,A
,CEC-PSU-M900-90W,RC PCB,15,15,0,A
,CEC-PSU-VER-P400,RC PCB,10,10,0,A
,CEC-PTR-AVERY-9417,RC ADMIN,30,,,A
,CEC-PTR-AVERY-9418,RC ADMIN,30,,,A
,CEC-PTR-PAXAR-9486,RC ADMIN,30,,,A
,CEC-STD-FP-READER,RC DCD,20,20,0,A
,CLK-PHONE-YL-W56H,RC PRINTERS & PERIPHERALS,15,15,0,A
,CLK-PSU-APG-CDR,RC PCB,15,15,0,A
,CLK-PSU-CIS-MX68,RC PCB,15,15,0,A
,CLK-PSU-PS170,RC PCB,30,15,-15,A
,CON-CDR-3S-423-INS,RC PRINTERS & PERIPHERALS,10,10,0,A
,CON-MO-USB-BLK,RC PRINTERS & PERIPHERALS,35,15,-20,A
,CON-PC-EPS-IM700-SCR,RC PCB,50,5,-45,A
,CON-POLE-YUNO-CW,RC PC,15,10,-5,A
,CON-SPACE-2POLE,RC PC,15,10,-5,A
,COS-CAB-USB-A-MINI-B,RC PCB,10,15,5,A
,COS-CDR-C4141B-INSERT,RC PRINTERS & PERIPHERALS,25,15,-10,A
,COS-CON-BAT-T470,RC PCB,10,10,0,A
,COS-PSU-MIC-GO,RC PCB,10,10,0,A
,COS-PSU-MS-SURFACE-PRO,RC PCB,10,10,0,A
,COS-PSU-VX820-9V,RC PCB,10,10,0,A
,CRA-SYM-MC3000-USB,RC DCD,20,20,0,A
,CRA-TOSH-TEC-EP800,RC PCB,15,15,0,A
,CRA-VOC-CR-RK-S5,RC DCD,20,15,-5,A
,CRA-VOC-S5-REG,RC DCD,10,10,0,A
,FH-AP-MER-MR33,RC PC,15,10,-5,A
,HOB-PSU-VER-V400M,RC PCB,10,10,0,A
,HTS-DS-ALL-WS37HD8,RC ADMIN,30,,,A
,HTS-DS-AND-PPCNET-D,RC PC,15,10,-5,A
,HWS-ITSU-240-PED-PSU,RC PCB,15,10,-5,A
,HWS-ITSU-FLY-MON-PSU,RC PCB,15,10,-5,A
,HWS-KBD-MOU-WIRELESS,RC PRINTERS & PERIPHERALS,15,15,0,A
,HWS-PZH-12V-150W-12.5A-PSU,RC PCB,15,15,0,A
,HWS-PZH-12V-7AMP-CLO22-PSU,RC PCB,15,15,0,A
,HWS-PZH-AP-DRAY-1060,RC PC,15,10,-5,A
,HWS-PZH-AP-DRAY-912C,RC PC,15,10,-5,A
,HWS-PZH-CAB-EURO-ELKTX,RC PCB,15,10,-5,A
,HWS-PZH-CHRM-BK-N23-PSU,RC PCB,15,15,0,A
,HWS-PZH-PSU-LEN,RC PCB,15,10,-5,A
,KBD-ACC-5010,RC PRINTERS & PERIPHERALS,15,15,0,A
,KBD-ACC-596-MINI,RC PRINTERS & PERIPHERALS,35,15,-20,A
,KBD-ACC-KYB500-K82B,RC PRINTERS & PERIPHERALS,15,15,0,A
,KBD-ACK-540RF,RC PRINTERS & PERIPHERALS,15,15,0,A
,KBD-AKE-OCU-741,RC PRINTERS & PERIPHERALS,15,15,0,A
,KBD-CHY-GB81-MY700,RC PRINTERS & PERIPHERALS,15,15,0,A
,KBD-CHY-SPOS-G86-624,RC PRINTERS & PERIPHERALS,15,15,0,A
,KBD-HP-FK218AA,RC PRINTERS & PERIPHERALS,10,15,5,A
,KBD-KEY-ACK-340-PS2,RC PRINTERS & PERIPHERALS,35,20,-15,A
,KBD-MOU-HP-230,RC PRINTERS & PERIPHERALS,15,15,0,A
,KBD-MOU-HP-235,RC PRINTERS & PERIPHERALS,20,15,-5,A
,KBD-PS2-MINI-BLK,RC PRINTERS & PERIPHERALS,35,15,-20,A
,KBD-USB-BLK,RC PRINTERS & PERIPHERALS,50,15,-35,A
,KBD-USB-MINI-BLK,RC PRINTERS & PERIPHERALS,50,15,-35,A
,KBD-USB-MINI-CRM,RC PRINTERS & PERIPHERALS,15,15,0,A
,LID-ADP-ISC-QMS,RC PC,15,10,-5,A
,LID-CIS-ATA-192,RC PC,20,15,-5,A
,LID-CRA-PAN-UTMB5,RC DCD,20,20,0,A
,LID-FREDERIX-HOTSPOT,RC PC,30,20,-10,A
,LID-PAN-MNT-UTMB5,RC DCD,20,15,-5,A
,LID-SMC-ISC-V2.1,RC PC,30,20,-10,A
,LID-SU-AP-HUA-5760-51,RC PC,15,15,0,A
,LYD-AAH-PAP-BRO-HL6400DW,RC PRINTERS & PERIPHERALS,15,15,0,A
,LYD-AAH-TRAY-BRO-LT6505,RC PRINTERS & PERIPHERALS,15,15,0,A
,LYD-E-CAB-U21-S07ZAR,RC DCD,10,10,0,A
,LYD-E-CDU-HP-LD220,RC PCB,20,15,-5,A
,LYD-E-KBD-ACK-540U,RC PRINTERS & PERIPHERALS,15,15,0,A
,MCD-CON-ARCPC-KIT,RC MCD,30,45,15,A
,MCD-DMB-XBOX1-KNCT-ADPT,RC MCD,20,20,0,A
,MCD-DMB-XBOX1-KNCT-SEN,RC MCD,20,20,0,A
,MCD-DOCK-QUA-8PORT,RC MCD,20,15,-5,A
,MCD-DOCK-ZEB-L10-KIT,RC MCD,30,30,0,A
,MCD-DT-AU-HME-MIC-KIT,RC MCD,15,15,0,A
,MCD-DT-AU-HME-PCB-6200,RC MCD,15,15,0,A
,MCD-DT-AU-HME-SPK-KIT,RC MCD,20,15,-5,A
,MCD-DT-MON-DUAL-10.4-KITMK2,RC MCD,30,30,0,A
,MCD-DT-MON-SING-10.4-KIT,RC MCD,30,30,0,A
,MCD-DT-PUCK-DX80-KIT,RC MCD,20,20,0,A
,MCD-DT-QUAIL-EXTBOX,RC MCD,20,20,0,A
,MCD-EURO-COIN-ROI,RC MCD,30,30,0,A
,MCD-EVOK-MAIN-DR-KEY,RC MCD,10,10,0,A
,MCD-EVOK-PTR-DR-KEY,RC MCD,15,10,-5,A
,MCD-FAN-MD27-KIT,RC MCD,15,15,0,A
,MCD-FUJ-CAT6-2PORT-KIT,RC MCD,15,10,-5,A
,MCD-FUJ-CAT6-4PORT-KIT,RC MCD,10,10,0,A
,MCD-HDSET-3M-KIT,RC MCD,20,15,-5,A
,MCD-HSET-QUA,RC MCD,20,15,-5,A
,MCD-KIT-HSET-HS6200,RC MCD,20,15,-5,A
,MCD-KIT-NEX-HSET-7002,RC MCD,20,15,-5,A
,MCD-KSK-ACR-PTR-ACC-KIT,RC MCD,15,10,-5,A
,MCD-KSK-CAB-IPP350-EVOKE-USB,RC MCD,10,10,0,A
,MCD-KSK-EURO-SCN-MX101-KIT,RC MCD,15,15,0,A
,MCD-KSK-EVOK-CON-SPK-KIT,RC MCD,15,15,0,A
,MCD-KSK-EVOK-SCN-4400-KIT,RC MCD,15,10,-5,A
,MCD-KSK-NGK27-LOCK-KIT,RC MCD,15,10,-5,A
,MCD-KSK-SKYLAKE-PSU-KIT,RC MCD,30,20,-10,A
,MCD-MIC-QUA,RC MCD,20,15,-5,A
,MCD-MNT-PAR-WAVE-STAND,RC MCD,15,15,0,A
,MCD-MNT-TAP-MID-KIT-V3,RC MCD,15,15,0,A
,MCD-MNT-TAP-W-KIT-V3,RC MCD,15,15,0,A
,MCD-NET-IP-ENGINE,RC MCD,20,20,0,A
,MCD-POS-PAN970-STAND-DIS,RC MCD,15,15,0,A
,MCD-PUCK-DTSV2-KIT,RC MCD,20,20,0,A
,MCD-RPTR-QUA,RC MCD,20,15,-5,A
,MCD-SCN-ACR-NGK27-KIT,RC MCD,15,15,0,A
,MCD-SCN-DS547-4407-3207,RC MCD,15,15,0,A
,MCD-SCN-ZEB-MD27-KIT,RC MCD,15,15,0,A
,MCD-SPK-NEX-7000,RC MCD,10,10,0,A
,MCD-SPK-QUA,RC MCD,20,15,-5,A
,MCD-TAB-FZ-G1-DOCK,RC MCD,15,15,0,A
,MCD-TAB-FZ-G1-V2,RC MCD,30,30,0,A
,MCD-TRANS-NEX-7000,RC MCD,20,20,0,A
,MED-INTEL-STICK,RC PC,20,15,-5,A
,MNT-DBLD-SCO,RC PRINTERS & PERIPHERALS,15,15,0,A
,MOD-DYNALINK-56K-PCI,RC PC,25,20,-5,A
,NAN-DS-HKV-DS-D60C-B,RC DCD,15,15,0,A
,NAN-DS-INT-STK1AW32SC,RC DCD,15,15,0,A
,NT-BAT-DELL-LAT-5175,RC PCB,10,10,0,A
,NT-BAT-DELL-VEN11,RC PCB,20,10,-10,A
,NT-BAT-R11-DUR,RC PCB,15,10,-5,A
,NT-DOCK-DELL,RC DCD,15,15,0,A
,NT-DOCK-DURABOOK-R11,RC DCD,25,20,-5,A
,NT-DURABOOK-PSU,RC PCB,15,10,-5,A
,NT-PSU-DELL-DOCK,RC PCB,15,10,-5,A
,NT-PSU-PS-180,RC PCB,15,15,0,A
,ODE-BAT-APC-SMX3000,RC PCB,15,10,-5,A
,ODE-CAB-LED-10SQ,RC PCB,10,10,0,A
,OST-CDR-INSERT-DGRY,RC PRINTERS & PERIPHERALS,10,10,0,A
,OST-CRA-HHT-ZEB-TC51,RC DCD,20,15,-5,A
,OST-CRA-ZEB-TC52-HHT,RC DCD,15,15,0,A
,OST-CRA-ZEB-TC52-PKR,RC DCD,15,15,0,A
,OST-CRA-ZEB-TC53E,RC DCD,20,15,-5,A
,OST-PSU-CRA-HHT,RC PCB,20,10,-10,A
,OST-PTR-HP-TRAY2,RC PRINTERS & PERIPHERALS,20,15,-5,A
,PAD-BPS-GAS-STRUT,RC PRINTERS & PERIPHERALS,15,15,0,A
,PAD-BPS-SWITCH-DOOR,RC PCB,15,10,-5,A
,PAD-PHONE-YEALINK-W53P,RC PC,15,10,-5,A
,PHONE-BT-DUET-210,RC PRINTERS & PERIPHERALS,15,10,-5,A
,PSU-AUR-SANGO,RC PCB,15,15,0,A
,PSU-AUR-YUNO,RC PCB,15,15,0,A
,PSU-AVERY-FX120,RC PCB,15,10,-5,A
,PSU-BOBA-CAM,RC PCB,15,10,-5,A
,PSU-CISCO-C887VAG,RC PCB,15,15,0,A
,PSU-DELL-OPTI-7050M-130W,RC PCB,10,15,5,A
,PSU-DELL-OPTI-90W,RC PCB,15,15,0,A
,PSU-EPS-PS170-CLK,RC PCB,15,15,0,A
,PSU-EPS-PS17-18-200,RC PCB,30,15,-15,A
,PSU-EPS-PS2000,RC PCB,25,15,-10,A
,PSU-FLYTECH-335,RC PCB,15,10,-5,A
,PSU-HPA-MT15-LCD,RC PCB,30,10,-20,A
,PSU-HP-LAP-65W,RC PCB,15,15,0,A
,PSU-HP-ML350P-G8,RC PCB,10,10,0,A
,PSU-HP-PRO-600-G4,RC PCB,15,15,0,A
,PSU-INTEL-NUC,RC PCB,10,10,0,A
,PSU-MET-STD,RC PCB,30,10,-20,A
,PSU-MON-ELO-2201L,RC PCB,15,10,-5,A
,PSU-MQUE-MQ215,RC PCB,30,10,-20,A
,PSU-PA-PITL-2002,RC PCB,20,10,-10,A
,PSU-SCA-AVERY-FX120,RC PCB,15,10,-5,A
,PSU-SYM-50-14000-009,RC PCB,30,10,-20,A
,PSU-TELL-T-IX,RC PCB,15,10,-5,A
,PSU-TOSH-TCX800,RC PCB,15,15,0,A
,PSU-TOSH-TEC-FSP064,RC PCB,20,15,-5,A
,PSU-TSC-DA210,RC PCB,15,10,-5,A
,PSU-VER-VX820,RC PCB,15,10,-5,A
,PSU-ZEB-GK4200,RC PCB,15,15,0,A
,PSU-ZEB-GK420D,RC PCB,10,15,5,A
,PSU-ZEB-LP2844,RC PCB,15,15,0,A
,PSU-ZEB-TC57-LID,RC PCB,10,10,0,A
,PTR-HP-TRAY2-E40040,RC PRINTERS & PERIPHERALS,20,15,-5,A
,PTR-RICOH-TRAY2,RC PRINTERS & PERIPHERALS,15,15,0,A
,RI-AP-SYM-AP7522,RC PC,15,10,-5,A
,RI-CAB-CATV-RED-TILLS,RC PCB,10,10,0,A
,RI-CAB-FLYTECH-DP,RC PCB,15,10,-5,A
,RI-CAB-IBM-12V-USB,RC PCB,15,10,-5,A
,RI-CAB-IBM-DVI,RC PCB,10,10,0,A
,RI-CAB-IBM-USB,RC PCB,10,10,0,A
,RI-CAB-SCN-DS8108,RC DCD,10,10,0,A
,RI-CAB-VGA-STD,RC PCB,10,10,0,A
,RI-KBD-MINI-PS2,RC PRINTERS & PERIPHERALS,15,15,0,A
,RI-KBD-MINI-USB,RC PRINTERS & PERIPHERALS,20,15,-5,A
,RI-KBD-PS2-STD,RC PRINTERS & PERIPHERALS,15,15,0,A
,RI-KBD-USB-STD,RC PRINTERS & PERIPHERALS,15,15,0,A
,RI-PSU-EXTERNAL-IBM,RC PCB,15,10,-5,A
,RI-PSU-HP800G3,RC PCB,15,15,0,A
,RI-SCO-ELO-AIO-21.5,RC PCB,25,15,-10,A
,RI-VX820-PSU,RC PCB,10,10,0,A
,SCN-HHP-1300G,RC DCD,25,20,-5,A
,SCN-HP-4430-STAND,RC DCD,45,20,-25,A
,SCO-CAB-9800-PSU-12V,RC PCB,10,15,5,A
,SCO-DOOR-LCK-ASSY,RC PCB,15,15,0,A
,SCO-PC-LOUD-SPEAKER,RC PCB,20,15,-5,A
,SCO-POLE-LIGHT-PCB,RC PCB,20,15,-5,A
,SCO-SCA-T0-CTRL-BOX,RC PCB,20,10,-10,A
,SCO-SOUNDCARD-LID,RC PC,15,10,-5,A
,SDR-PSU-DOCK-CHG,RC PCB,15,10,-5,A
,SEL-AXEL-M80/M70-EXT-PSU,RC PCB,15,10,-5,A
,SEL-CAB-CRA-M-INT433,RC DCD,10,10,0,A
,SIG-ALT-POS-KBD,RC PRINTERS & PERIPHERALS,15,15,0,A
,SIG-KBD-PS2,RC PRINTERS & PERIPHERALS,15,15,0,A
,SIG-KBD-STD-USB,RC PRINTERS & PERIPHERALS,15,15,0,A
,SIG-PSU-AX-A760-4205,RC PRINTERS & PERIPHERALS,10,10,0,A
,SIG-PSU-EPS-24V-USB,RC PCB,15,15,0,A
,SIG-PSU-LCD-DIGSOA55110M,RC PCB,30,10,-20,A
,SIG-PSU-PED-VX820-RS232,RC PCB,10,10,0,A
,SPK-4POS-LOUD,RC PCB,20,15,-5,A
,SPK-4POS-SOUND-AMP,RC PCB,10,15,5,A
,SPK-HP-S101-SNDBAR,RC PCB,15,15,0,A
,SPK-VOC-HDSET-S5,RC DCD,10,10,0,A
,SUP-AP-CIS-AP1832I,RC PC,10,10,0,A
,SUP-KBD-DELL-KB813,RC PRINTERS & PERIPHERALS,15,15,0,A
,SUP-KBD-DELL-SMART,RC PRINTERS & PERIPHERALS,65,15,-50,A
,SUP-KBD-LEN-SMART-PSL,RC PRINTERS & PERIPHERALS,20,15,-5,A
,SUP-PSU-ZEB-GK420D,RC PCB,15,15,0,A
,SUP-SCN-NLSHR22-PHM,RC PRINTERS & PERIPHERALS,20,15,-5,A
,THR-CHG-ZIOXI-USB,RC PCB,15,15,0,A
,THR-CON-KBD-USB,RC PRINTERS & PERIPHERALS,20,15,-5,A
,THR-DOCK-CHARGE-6080,RC DCD,20,15,-5,A
,THR-DOCK-CHARGE-CS4070,RC DCD,20,15,-5,A
,THR-DOCK-CHG-CUP-6080,RC DCD,15,15,0,A
,THR-KVM-SWITCH,RC PCB,15,15,0,A
,TPS-DOCK-IPOS-STND,RC PC,20,15,-5,A
,TPS-KBD-N9Z-00006,RC PRINTERS & PERIPHERALS,15,15,0,A
,TRG-AP-MER-MR33,RC PC,15,15,0,A
,TRG-AP-MER-MR42,RC PC,15,15,0,A
,TRG-AP-MER-MR74,RC PC,15,15,0,A
,TRG-AP-MER-MR76,RC PC,15,15,0,A
,WAR-PSU-VX820,RC PCB,65,10,-55,A
,WHIT-AP-300,RC PC,15,15,0,A
,WHIT-AP-CIS-1602,RC PC,15,15,0,A
,WHIT-AP-MOT-6532-V5,RC PC,15,15,0,A
,WHIT-AP-MOT-7532,RC PC,15,15,0,A
,WHIT-CAB-ATA-FAX,RC PC,20,15,-5,A
,WHIT-CIS-MER-MR33,RC PC,10,10,0,A
,WHIT-CIS-MER-MR52,RC PC,10,10,0,A
,WHIT-CRASH-P2PE-ROI,RC PC,15,15,0,A
,WHIT-LAP-PSU-65W,RC PCB,15,15,0,A
,WHIT-MNT-TAB-DFWC-KIT,RC DCD,15,15,0,A
,WHIT-PC-PSU-65W,RC PCB,10,10,0,A
,WHIT-PSU-ATA-187-12V1A,RC PCB,15,10,-5,A
,WHIT-PSU-CISCO-897,RC PCB,15,10,-5,A
,WHIT-PSU-CRASH-P2PE,RC PCB,15,10,-5,A
,WHIT-PSU-VX820,RC PCB,10,10,0,A
,WHS-ADP-BBOX-CONV,RC PC,20,15,-5,A
,WHS-AP-EXT-WIFI6,RC PC,10,10,0,A
,WHS-AP-HP-425,RC PC,15,10,-5,A
,WOC-PSU-IPP350,RC PCB,15,10,-5,A
,MCD-PSU-MERGE/COD-12V,RC PRINTERS & PERIPHERALS,15,10,0,A
,4POS-PWR-SWI,RC PCB,20,10,-10,B
,AAH-MON-DELL-19.5IN-BLK,RC PCB,25,25,0,B
,AAH-PTR-STR-END-SP298,RC PRINTERS & PERIPHERALS,35,30,-5,B
,ASW-PSU-DOCK-DC200,RC PCB,15,15,0,B
,ASW-PTR-DBLD-P1200,RC PRINTERS & PERIPHERALS,20,25,5,B
,ASW-PTR-STR-SP298,RC PRINTERS & PERIPHERALS,30,30,0,B
,ASW-PTR-WIN-TH250,RC PRINTERS & PERIPHERALS,30,25,-5,B
,ASW-PTR-ZEB-ZD230,RC PRINTERS & PERIPHERALS,25,25,0,B
,ASW-SU-PTR-WIN-TH230,RC PRINTERS & PERIPHERALS,30,30,0,B
,ASW-SVR-LEN-M75Q-2GEN,RC PC,30,30,0,B
,ASW-SWI-CIS-CDS350-48P,RC PCB,20,20,0,B
,ATM-32-PSU-LED-FAN-BRD,RC PCB,20,15,-5,B
,ATM-NEO-V1,RC PCB,25,20,-5,B
,ATM-NEO-V2,RC PCB,25,20,-5,B
,ATM-ODE-32-GEN2-SHUT-PC,RC PC,60,30,-30,B
,AWR-BSE-PRO-400G5-MT,RC PC,30,30,0,B
,BEA-CDR-DIGI-EC410,RC PRINTERS & PERIPHERALS,35,35,0,B
,BEA-KBD-SPOS-G86,RC PRINTERS & PERIPHERALS,15,15,0,B
,BOA-MED-XMP-6250,RC PC,20,20,0,B
,BOA-PTR-STR-FVP10,RC PRINTERS & PERIPHERALS,20,20,0,B
,BSE-4POS-PUREPOS-213,RC PC,45,40,-5,B
,BSE-4POS-PUREPOS-215,RC PC,45,40,-5,B
,BSE-BOX-CIELO-MOD-I3,RC PC,30,30,0,B
,BSE-DIG-RET-CORE-SSD,RC PC,30,30,0,B
,BSE-HP-PRO-400G4-MT,RC PC,30,30,0,B
,BSE-HP-PRO-400G6-MT,RC PC,40,30,-10,B
,BSE-HP-PRO-400G7-MT,RC PC,30,30,0,B
,BSE-HP-PRO-MINI-400-G9,RC PC,30,30,0,B
,BSE-HP-RP5810-CLARKS,RC PC,45,30,-15,B
,BSE-SUP-945-TWR-B/OFF,RC PC,50,40,-10,B
,BSE-SUP-965-TWR-B/OF,RC PC,35,30,-5,B
,BSE-WIN-BEETLE-M3-3.2,RC PC,30,30,0,B
,BSE-WIN-BEETLE-MIII,RC PC,30,30,0,B
,BSE-WIN-BEETLE-M-MII,RC PC,55,30,-25,B
,BSE-WIN-BEETL-M3-BLK,RC PC,30,30,0,B
,CASH-TEL-CC,RC PC,30,25,-5,B
,CASH-TEL-VOL-CC,RC PC,20,25,5,B
,CC-CDR-NCR-2168,RC PRINTERS & PERIPHERALS,25,25,0,B
,CDR-ANK-BASE-PLATE,RC PRINTERS & PERIPHERALS,30,30,0,B
,CDR-ANKER-BPLT-PS2,RC PRINTERS & PERIPHERALS,30,30,0,B
,CDR-ANKER-BSE-PLT,RC PRINTERS & PERIPHERALS,25,30,5,B
,CDR-ANKER-FT-BLK,RC PRINTERS & PERIPHERALS,30,30,0,B
,CDR-APG-BLK-RJ11-45,RC PRINTERS & PERIPHERALS,75,30,-45,B
,CDR-APG-MICRO-BLK,RC PRINTERS & PERIPHERALS,30,30,0,B
,CDR-AUR-ODYSEE-0006,RC PRINTERS & PERIPHERALS,50,30,-20,B
,CDR-AUR-ODYSEE-0052,RC PRINTERS & PERIPHERALS,30,30,0,B
,CDR-BPLATE-ANKER-SML,RC PRINTERS & PERIPHERALS,20,25,5,B
,CDR-CBS-FLEX-0254-RJ,RC PRINTERS & PERIPHERALS,65,10,-55,B
,CDR-CBS-FLEX-0266,RC PRINTERS & PERIPHERALS,35,10,-25,B
,CDR-CBS-FLEX-0266RC,RC PRINTERS & PERIPHERALS,35,10,-25,B
,CDR-CBS-FLEX-389,RC PRINTERS & PERIPHERALS,30,30,0,B
,CDR-CBS-MAXI-0169,RC PRINTERS & PERIPHERALS,65,30,-35,B
,CDR-CBS-MAXI-0205,RC PRINTERS & PERIPHERALS,35,30,-5,B
,CDR-CBS-MAXI-0429,RC PRINTERS & PERIPHERALS,35,30,-5,B
,CDR-CBS-MICRO-0020RC,RC PRINTERS & PERIPHERALS,30,30,0,B
,CDR-CBS-MICRO-0022,RC PRINTERS & PERIPHERALS,45,30,-15,B
,CDR-CBS-SL2000-0091,RC PRINTERS & PERIPHERALS,65,30,-35,B
,CDR-CBS-SL3000-0006R,RC PRINTERS & PERIPHERALS,65,30,-35,B
,CDR-CBS-SL3000-0020R,RC PRINTERS & PERIPHERALS,65,30,-35,B
,CDR-DIG-EC410-BLK,RC PRINTERS & PERIPHERALS,30,30,0,B
,CDR-DIG-EC410-CRM,RC PRINTERS & PERIPHERALS,75,30,-45,B
,CDR-DIG-EC410-RYMANS,RC PRINTERS & PERIPHERALS,75,30,-45,B
,CDR-DIG-EP102,RC PRINTERS & PERIPHERALS,75,30,-45,B
,CDR-ECD-CDJ400B-BLK,RC PRINTERS & PERIPHERALS,65,30,-35,B
,CDR-FT-EUM460-0287RC,RC PRINTERS & PERIPHERALS,35,30,-5,B
,CDR-FT-EUM460-0287RJ,RC PRINTERS & PERIPHERALS,70,30,-40,B
,CDR-FT-EUMOD460-RJ11,RC PRINTERS & PERIPHERALS,70,30,-40,B
,CDR-FT-MOD460-9WD,RC PRINTERS & PERIPHERALS,70,30,-40,B
,CDR-IBM-4695-20P0270,RC PRINTERS & PERIPHERALS,70,15,-55,B
,CDR-J2-SHORTY,RC PRINTERS & PERIPHERALS,30,30,0,B
,CDR-MAT-EP107-RJ-BLK,RC PRINTERS & PERIPHERALS,70,30,-40,B
,CDR-MAT-EP107-RJ-CRM,RC PRINTERS & PERIPHERALS,70,30,-40,B
,CDR-MAT-EP108-RJ11,RC PRINTERS & PERIPHERALS,70,30,-40,B
,CDR-MAT-EP184-BLK,RC PRINTERS & PERIPHERALS,70,30,-40,B
,CDR-MAT-EU-8/8-BLK,RC PRINTERS & PERIPHERALS,70,30,-40,B
,CDR-MAT-EU-8/8-CRM,RC PRINTERS & PERIPHERALS,70,30,-40,B
,CDR-MAXI-0007,RC PRINTERS & PERIPHERALS,25,25,0,B
,CDR-MMF225-BLK-RJ11,RC PRINTERS & PERIPHERALS,70,30,-40,B
,CDR-OMR-STD,RC PRINTERS & PERIPHERALS,35,30,-5,B
,CDR-STD2000-RJ11-BLK,RC PRINTERS & PERIPHERALS,35,30,-5,B
,CDR-STD2000-RJ11-CRM,RC PRINTERS & PERIPHERALS,35,30,-5,B
,CDR-STR-CB80,RC PRINTERS & PERIPHERALS,35,30,-5,B
,CDR-TEC-420R,RC PRINTERS & PERIPHERALS,30,30,0,B
,CDU-4POS-PUREPOS-213,RC PCB,30,20,-10,B
,CDU-ART-03260,RC PCB,15,15,0,B
,CDU-ARTJ-00151,RC PCB,25,25,0,B
,CDU-AUR-YUNO,RC PCB,15,15,0,B
,CDU-AUR-YUNO-10.1-BLK,RC PCB,20,15,-5,B
,CDU-AUR-YUNO-VFD,RC PCB,20,15,-5,B
,CDU-CIELO-PX150,RC PCB,75,15,-60,B
,CDU-CIELO-PX-150,RC PCB,40,20,-20,B
,CDU-DIG-BSE-WD202ABL,RC PCB,35,15,-20,B
,CDU-DIG-WD202A-CRM,RC PCB,35,15,-20,B
,CDU-HP-ELITE-10.1,RC PCB,15,15,0,B
,CDU-J2-650,RC PCB,20,15,-5,B
,CDU-J2-680,RC PCB,30,30,0,B
,CDU-J2-680-NONT,RC PCB,20,20,0,B
,CDU-J2-690,RC PCB,20,20,0,B
,CDU-J2-SML,RC PCB,30,20,-10,B
,CDU-J2-YUNO,RC PCB,20,20,0,B
,CDU-PD3000-STD-BLK,RC PCB,35,15,-20,B
,CDU-PD3000-USB,RC PCB,30,20,-10,B
,CDU-SCA-AVE-FX120,RC PCB,30,20,-10,B
,CDU-TEC-A10,RC PCB,30,20,-10,B
,CDU-TEC-A10-WHT,RC PCB,20,20,0,B
,CDU-TEC-A20,RC PCB,30,20,-10,B
,CDU-TEC-LIUST-A10,RC PCB,30,20,-10,B
,CDU-WIN-BA62,RC PCB,15,15,0,B
,CDU-WIN-BA64,RC PCB,20,15,-5,B
,CDU-WIN-BA90,RC PCB,20,25,5,B
,CEC-MON-LCD-PRO-19,RC PCB,25,25,0,B
,CEC-MON-LEN-TIO-V2,RC PCB,25,25,0,B
,CEC-PC-10ZIG,RC PC,30,25,-5,B
,CEC-PSU-HP-180W,RC PCB,15,15,0,B
,CLK-AP-CIS-MR36,RC PC,15,10,-5,B
,CLK-CDR-APG-SL3000,RC PRINTERS & PERIPHERALS,30,30,0,B
,CLK-MON-LCD-17,RC PCB,25,20,-5,B
,CLK-ROU-CIS-MG21,RC PC,20,15,-5,B
,CLK-ROU-CIS-MX68,RC PC,15,10,-5,B
,CLK-SCN-SYM-DS4208,RC DCD,45,20,-25,B
,CLK-SWI-CIS-MS120,RC PCB,30,25,-5,B
,CON-PC-AUR-ODSY-CDU2,RC PCB,35,15,-20,B
,COS-ANK-5PIN-BSE-PLT,RC PRINTERS & PERIPHERALS,25,25,0,B
,COS-CDR-3S-423-B,RC PRINTERS & PERIPHERALS,30,30,0,B
,COS-CDR-ANKER-FT,RC PRINTERS & PERIPHERALS,30,30,0,B
,COS-CDR-C4141B,RC PRINTERS & PERIPHERALS,30,30,0,B
,COS-CDR-FT460B-BLK,RC PRINTERS & PERIPHERALS,35,30,-5,B
30,COS-CDR-TR330,RC PRINTERS & PERIPHERALS,25,30,5,B
,COS-CDR-TR410B-BLK,RC PRINTERS & PERIPHERALS,30,30,0,B
,COS-CDR-TR410B-INSERT,RC PRINTERS & PERIPHERALS,25,20,-5,B
,COS-CDU-EVOQ-EV395K,RC PCB,10,15,5,B
,COS-CDU-INDIGO-IT190,RC PCB,20,20,0,B
,COS-DT-BUMP-BAR,RC PCB,20,15,-5,B
,COS-DT-PIKS-PSU,RC PCB,10,15,5,B
,COS-MON-SAM-S24,RC PCB,25,25,0,B
,COS-MSR-EVOQ-EV395K,RC PCB,25,25,0,B
,COS-MSR-INDIGO-IT190,RC PCB,25,25,0,B
,COS-PSU-DELL-BARREL,RC PCB,15,15,0,B
,COS-PSU-INDIGO-IT190,RC PCB,15,15,0,B
,COS-PSU-LEN-T470,RC PCB,15,15,0,B
,COS-PSU-LEN-T480,RC PCB,25,15,-10,B
,COS-PSU-TP85B,RC PCB,15,15,0,B
,COS-PTR-EPS-TM-L100,RC PRINTERS & PERIPHERALS,30,30,0,B
,COS-PTR-TP85B,RC PRINTERS & PERIPHERALS,30,30,0,B
,COS-SCN-BC361-USB,RC DCD,20,20,0,B
,COS-SCN-DS457-USB,RC DCD,20,20,0,B
,COS-SCN-DS9208-USB,RC DCD,20,20,0,B
,COS-SCN-NWL-USB,RC DCD,20,20,0,B
,COS-SPK-XB19-USB,RC PRINTERS & PERIPHERALS,10,10,0,B
,COS-USB-A-MICRO-B,RC PRINTERS & PERIPHERALS,10,10,0,B
,COS-USB-ATOB-1.8M,RC PRINTERS & PERIPHERALS,10,10,0,B
,CRA-ZEB-TC57-LID,RC DCD,20,20,0,B
,DUN-MON-DIG-TD1500-B,RC PCB,60,5,-55,B
,FAX-CANNON-L120,RC PRINTERS & PERIPHERALS,65,30,-35,B
,FF-MON-LCD-HP-L5009,RC PCB,45,5,-40,B
,FH-CDR-STD2000-0117,RC PRINTERS & PERIPHERALS,30,30,0,B
,FH-KBD-LOG-K400P,RC PRINTERS & PERIPHERALS,25,20,-5,B
,FH-PTR-ARG-04-250,RC PRINTERS & PERIPHERALS,30,30,0,B
,FH-PTR-ARG-A2240,RC PRINTERS & PERIPHERALS,20,20,0,B
,FH-PTR-ARG-LAB,RC PRINTERS & PERIPHERALS,20,20,0,B
,FH-PTR-AUR-ODP333,RC PRINTERS & PERIPHERALS,30,30,0,B
,FH-SWI-TPLINK-16,RC PCB,20,20,0,B
,HBS-CDR-AUR-3S-333,RC PRINTERS & PERIPHERALS,30,30,0,B
,HBS-PTR-EPS-TMT70,RC PRINTERS & PERIPHERALS,30,30,0,B
,HBS-SCN-HON-1450G,RC DCD,45,35,-10,B
,HSM-PTR-EPS-T88V,RC PRINTERS & PERIPHERALS,30,30,0,B
,HTS-BSE-PAR-AUDREY-A4,RC PC,45,45,0,B
,HTS-BSE-PAR-SP850,RC PC,25,20,-5,B
,HTS-CDR-SFT2000,RC PRINTERS & PERIPHERALS,10,30,20,B
,HTS-HP-PRODESK-BOPC,RC PC,30,30,0,B
,HTS-PAR-CDU-7220,RC PCB,15,10,-5,B
,HTS-PAR-CDU-PM15,RC PCB,20,15,-5,B
,HTS-PC-ENABLER,RC PC,30,30,0,B
,HTS-PTR-BRO-L5100DN,RC PRINTERS & PERIPHERALS,40,55,15,B
,HTS-PTR-PAR-RP330,RC PRINTERS & PERIPHERALS,30,30,0,B
,HTS-SCN-HON-POS,RC DCD,20,20,0,B
,HUB-16-PORT,RC PCB,30,20,-10,B
,HUB-24-PORT,RC PCB,30,25,-5,B
,HUB-3COM-8-PORT,RC PCB,20,20,0,B
,HUB-5-PORT,RC PCB,20,20,0,B
,HUB-BEETLE-SX,RC PCB,30,20,-10,B
,HUB-HP-PROCURVE,RC PCB,20,20,0,B
,HUB-HP-PROCURVE-2626,RC PCB,20,25,5,B
,HUB-LIN-POE-INJECTOR,RC PC,25,20,-5,B
,HUB-LVL1-FSW-24PORT,RC PCB,20,25,5,B
,HUB-NET-16PORT,RC PCB,20,15,-5,B
,HUB-NETGEAR-GS108-8PORT,RC PCB,20,15,-5,B
,HUB-SU-LVL1-FSW-24PORT,RC PCB,20,25,5,B
,HWS-PZH-MAG-PS2,RC PCB,30,25,-5,B
,HWS-PZH-MON-BNQ-22,RC PCB,25,25,0,B
,HWS-PZH-PTR-TM88,RC PRINTERS & PERIPHERALS,30,40,10,B
,HWS-PZH-PTR-TM88-SERIAL,RC PRINTERS & PERIPHERALS,30,40,10,B
,HWS-PZH-ROU-DRY-2927,RC PC,20,15,-5,B
,HWS-PZH-ROU-VIG-130,RC PC,15,15,0,B
,HWS-PZH-SWCH-NET-FS728TP,RC PCB,40,25,-15,B
,KBD-DELL-KB813-SMART,RC PRINTERS & PERIPHERALS,15,20,5,B
,KBD-SEJIN-SPR-8695TU,RC PRINTERS & PERIPHERALS,50,30,-20,B
,KBD-SNI-BTLE-POS-MSR,RC PRINTERS & PERIPHERALS,15,15,0,B
,KVM-ATN-CS1824-LID,RC PCB,30,30,0,B
,LCD-HP-22-G4,RC PCB,25,25,0,B
,LCD-TALDOR-PCBKIT,RC PCB,20,20,0,B
,LID-CDR-ANK-AUTOSAFE,RC PRINTERS & PERIPHERALS,25,30,5,B
,LID-NWK-PZE-CLOCK,RC DCD,15,15,0,B
,LID-PSU-PAN-UTMB5,RC PCB,15,10,-5,B
,LID-ROU-4G-SERVICE,RC PC,15,10,-5,B
,LID-ROU-5G-SERVICE,RC PC,15,10,-5,B
,LID-SU-SWI-HUA-S5735-48PT,RC PCB,30,30,0,B
,LID-SWI-BAR-BNGIF12,RC PC,30,20,-10,B
,LID-TAB-PAN-UTMB5,RC DCD,20,20,0,B
,LID-USB-BAR-BGINF12-V2,RC PC,30,20,-10,B
,LYD-E-CDR-CDS-460-FT,RC PRINTERS & PERIPHERALS,30,30,0,B
,LYD-E-CRA-8800-HHT,RC DCD,45,30,-15,B
,LYD-E-CRA-SYM-MC3190,RC DCD,45,30,-15,B
,LYD-E-HUB-NET-24PORT,RC PCB,30,20,-10,B
,LYD-E-PSU-8800-HHT,RC DCD,45,30,-15,B
,LYD-E-PSU-MOT-AP7131,RC PCB,30,20,-10,B
,LYD-E-PSU-SYM-MC3190,RC PCB,30,15,-15,B
,LYD-E-PSU-ZEB-GK420D,RC PCB,30,15,-15,B
,LYD-E-PTR-ZEB-GK420D,RC PRINTERS & PERIPHERALS,30,30,0,B
,LYD-E-PTR-ZEB-ZD420,RC PRINTERS & PERIPHERALS,30,30,0,B
,LYD-E-SCN-BRO-ADS-2200,RC PRINTERS & PERIPHERALS,25,20,-5,B
,LYD-E-SCN-MOT-DS9208,RC DCD,45,20,-25,B
,LYD-E-SWI-1410-24G,RC PCB,25,25,0,B
,LYD-E-WAP-MOT-AP7131,RC PC,30,20,-10,B
,LYD-PTR-BRO-HL6180DW,RC PRINTERS & PERIPHERALS,50,30,-20,B
,MCD-ACR-ATS-TIME,RC MCD,30,20,-10,B
,MCD-ACR-ATS-TIME-ROI,RC MCD,30,20,-10,B
,MCD-ATS-MAX-MKII,RC MCD,30,20,-10,B
,MCD-BSE-HP-MD27-KIT,RC MCD,30,30,0,B
,MCD-BSE-NCR-ZERO-THIN-V2,RC MCD,30,30,0,B
,MCD-BSE-NEX-7000-KIT,RC MCD,30,30,0,B
,MCD-BSE-QUA-DT,RC MCD,30,30,0,B
,MCD-BSE-QUA-DUAL-V2,RC MCD,40,30,-10,B
,MCD-BSE-WYSE-THIN-C10LE,RC MCD,45,30,-15,B
,MCD-CAM-QLDKIT,RC MCD,30,30,0,B
,MCD-CON-VGA-FACEPLATE,RC MCD,10,10,0,B
,MCD-DMB-AAR-MP-15720,RC MCD,30,30,0,B
,MCD-DMB-AOP-MP-DE3250,RC MCD,20,20,0,B
,MCD-DMB-AOP-MP-DEX5750-S,RC MCD,30,30,0,B
,MCD-DMB-ELO-MP-ECMG2,RC MCD,20,20,0,B
,MCD-DMB-LG-HB-49IN,RC MCD,50,50,0,B
,MCD-DMB-MP-DEX5550,RC MCD,30,30,0,B
,MCD-DMB-MP-DEX5550-LNX,RC MCD,40,30,-10,B
,MCD-DMB-MP-DEX5550-W10,RC MCD,40,30,-10,B
,MCD-DMB-NEC-I3-MP-414,RC MCD,40,30,-10,B
,MCD-DMB-NEC-MP-14256,RC MCD,30,20,-10,B
,MCD-DMB-PC-ZOT-1060,RC MCD,35,35,0,B
,MCD-DMB-ZOT-MP-1530,RC MCD,20,20,0,B
,MCD-DT-AU-3M-BSE-KIT-HS,RC MCD,45,30,-15,B
,MCD-DT-AU-3M-PAR-G5SPK-KIT,RC MCD,20,20,0,B
,MCD-DT-AU-3M-SPK-MIC-KIT,RC MCD,20,20,0,B
,MCD-DT-AU-HME-BSE6200-KIT,RC MCD,40,30,-10,B
,MCD-DT-AU-PAR-G5PLUS-KIT,RC MCD,30,30,0,B
,MCD-DT-BNCSPLITTER-KIT,RC MCD,30,30,0,B
,MCD-DT-GATEWAY-DX80-KIT,RC MCD,40,20,-20,B
,MCD-DT-RGAGE-RADR-KIT,RC MCD,20,20,0,B
,MCD-DT-SOTEC-CLOUD-KIT,RC MCD,40,20,-20,B
,MCD-KSK-ACR-POWER-KIT,RC PCB,20,20,0,B
,MCD-KSK-ARC-PTR-ORIENT-R180-KIT,RC MCD,40,30,-10,B
,MCD-KSK-EVOK-POWER-KIT,RC MCD,25,25,0,B
,MCD-KSK-MON-ACR-32-KIT,RC MCD,30,30,0,B
,MCD-KSK-MON-ARC-15COD,RC MCD,25,25,0,B
,MCD-MIS-COIN-DISPENSE,RC MCD,30,30,0,B
,MCD-MON-ACR-NGK27-KIT,RC MCD,30,30,0,B
,MCD-MON-MD27-KIT,RC MCD,30,30,0,B
,MCD-MON-NEC-22-KIT,RC MCD,15,15,0,B
,MCD-MON-NEC-EA221.22-KIT,RC MCD,30,30,0,B
,MCD-MON-NEC-EA231.22.5-KIT,RC MCD,20,30,10,B
,MCD-MON-ORB-TEC1002L-V7-KIT,RC MCD,30,30,0,B
,MCD-MON-SAM-ORB-32,RC MCD,30,30,0,B
,MCD-ODMB-EVK-TFT-15IN-DT,RC MCD,40,40,0,B
,MCD-OOW-AOP-MP-DEX5750-S,RC MCD,30,30,0,B
,MCD-OOW-EVK-TFT-15IN-DT,RC MCD,40,40,0,B
,MCD-OOW-SAM-TFT-QM32C,RC MCD,30,30,0,B
,MCD-OOW-SMP-NUC-EVRGLD-2,RC MCD,30,30,0,B
,MCD-PAN-BUMP-BAR,RC MCD,30,15,-15,B
,MCD-PRT-CIT-CTS651,RC MCD,40,30,-10,B
,MCD-PRT-CT-S2000-RP,RC MCD,40,30,-10,B
,MCD-PSU-ACR-NGK27-KIT,RC MCD,25,25,0,B
,MCD-PSU-COD-60,RC MCD,30,20,-10,B
,MCD-PSU-MD27-KIT,RC MCD,30,30,0,B
,MCD-PSU-YELL-IM28,RC MCD,30,20,-10,B
,MCD-RADR-DTSV2-KIT,RC MCD,25,20,-5,B
,MCD-TAB-ZEB-L10,RC MCD,30,15,-15,B
,MCD-WEB-AXIS-BNCBOX-KIT,RC MCD,30,30,0,B
,MED-LAD-MBR-1100,RC PRINTERS & PERIPHERALS,30,30,0,B
,MED-LAD-XMP-2200,RC PC,20,20,0,B
,MED-LAD-XMP-320,RC PC,15,20,5,B
,MED-LAD-XMP-3250,RC PC,20,20,0,B
,MON-DELL-19.5IN-BLK,RC PCB,25,25,0,B
,MON-DELL-E2020H,RC PCB,30,25,-5,B
,MON-FLY-135-2N,RC PCB,25,25,0,B
,MON-HP-E24T-G5-TS,RC PCB,20,20,0,B
,MON-LCD-T2BLUE-TALD,RC PCB,30,15,-15,B
,MON-TALDOR-TOUCHPANEL,RC PCB,15,15,0,B
,MSR-ART-03384,RC PCB,15,15,0,B
,MSR-AUR-YUNO,RC PCB,15,15,0,B
,MSR-DAL-NFC-RDR,RC PCB,15,15,0,B
,MSR-DIGI-MULTIPLEX,RC PCB,30,15,-15,B
,MSR-DIG-SOA50501,RC PCB,30,30,0,B
,MSR-DIG-SOA-714,RC PCB,30,30,0,B
,MSR-ELO-ET1519,RC PCB,30,15,-15,B
,MSR-FLY-445,RC PCB,20,20,0,B
,MSR-NCR-REALPOS-21,RC PCB,30,15,-15,B
,MSR-NCR-REALPOS-25,RC PCB,10,15,5,B
,MSR-TEC-ST-A10,RC PCB,30,15,-15,B
,MV-PTR-BRO-HL2360DN,RC PRINTERS & PERIPHERALS,50,30,-20,B
,MW-PTR-HP-299U7AA,RC PRINTERS & PERIPHERALS,30,30,0,B
,MW-SCN-HP-6Y2V4AA,RC DCD,20,20,0,B
,NT-CDR-CIELO-STD,RC PRINTERS & PERIPHERALS,30,30,0,B
,NT-CDR-DIG-EC410,RC PRINTERS & PERIPHERALS,25,30,5,B
,NT-CDU-DIG-A300,RC PCB,20,15,-5,B
,NT-CDU-DIG-A500,RC PCB,20,15,-5,B
,NT-PTR-DIG-DS200,RC PRINTERS & PERIPHERALS,30,30,0,B
,NT-PTR-EPS-TM-88IV,RC PRINTERS & PERIPHERALS,30,30,0,B
,NT-PTR-EPS-TM-P60,RC PRINTERS & PERIPHERALS,20,20,0,B
,NT-SCN-MOT-DS4308,RC DCD,20,20,0,B
,NT-SCN-SYM-DS4208,RC DCD,20,20,0,B
,NWK-AP-HUA-4050DN,RC PC,15,15,0,B
,NWK-AP-HUA-5760-51,RC PC,15,15,0,B
,NWK-CISCO-803-ROUTER,RC PC,30,15,-15,B
,NWK-VOC-BSE-STN,RC DCD,20,20,0,B
,ODE-CDR-AUR-ODY-0006,RC PRINTERS & PERIPHERALS,55,30,-25,B
,ODE-CDR-AUR-ODY-0052,RC PRINTERS & PERIPHERALS,55,30,-25,B
,ODE-CDU-AUR-YUNO-TCH,RC PCB,20,20,0,B
,ODE-DOCK-HDD-TS-231P,RC DCD,40,30,-10,B
,ODE-PSU-10SQ-200498,RC PCB,15,15,0,B
,ODE-PSU-10SQ-REDBOX-17,RC PCB,30,15,-15,B
,ODE-SCA-AVERY-FX120,RC PCB,45,15,-30,B
,ODE-TCH-SCR-32IN,RC PCB,15,20,5,B
,OST-CASH-TEL-VOL-CC,RC PC,30,20,-10,B
,OST-PTR-HP-E40040,RC PRINTERS & PERIPHERALS,45,45,0,B
,PAD-BPS-CON-IF17-USB,RC PCB,20,20,0,B
,PAD-BPS-FIRECAKE-CTRL,RC PCB,20,20,0,B
,PAD-BPS-MON-MIKKA,RC PCB,30,20,-10,B
,PAD-BPS-VX6-PC,RC PC,30,30,0,B
,PAD-CIS-MS120,RC PCB,30,25,-5,B
,PAD-CIS-MX68,RC PCB,20,20,0,B
,PAD-D-SCN-CHT-8500,RC PRINTERS & PERIPHERALS,30,30,0,B
,PAD-D-SCN-SP5001-USB,RC PRINTERS & PERIPHERALS,30,30,0,B
,PAD-G13-COIN-MECH,RC PC,30,20,-10,B
,PAD-KBD-USB-BLK,RC PRINTERS & PERIPHERALS,15,15,0,B
,PAD-NV200-NOTE-READER-BPS,RC DCD,20,20,0,B
,PAD-PSU-12V-4A,RC PCB,15,10,-5,B
,PAD-PSU-BPS-FIRECAKE,RC PCB,20,15,-5,B
,PAD-PSU-SCN-CHT-8500,RC PCB,15,15,0,B
,PAD-PSU-SP-SP5001,RC PCB,10,15,5,B
,PAD-PSU-STAR-PS60A,RC PCB,10,15,5,B
,PAD-SCN-HON-MS9520,RC DCD,20,20,0,B
,PAD-SCN-NLS-FM100,RC DCD,15,15,0,B
,PAD-SCN-NLS-FM3051,RC DCD,20,20,0,B
,PAD-SCN-NLS-FM3080,RC DCD,20,20,0,B
,PAD-SWI-CIS-24PORT-2GIG,RC PCB,30,25,-5,B
,PAD-SWI-HUB-5PORT,RC PCB,15,20,5,B
,PC-AXI-DSP501-I5,RC PC,30,30,0,B
,POE-UBI-POE-NANO,RC PCB,5,15,10,B
,PS-CDR-DIG-EC410,RC PRINTERS & PERIPHERALS,30,30,0,B
,PS-ROU-CIS-890,RC PC,20,15,-5,B
,PSU-4POS-ADP180W,RC PCB,15,15,0,B
,PSU-65W-HP-PRO-400,RC PCB,20,15,-5,B
,PSU-ATM-NEOV2,RC PCB,20,20,0,B
,PSU-CIELO-PX-150,RC PCB,20,20,0,B
,PSU-CISCO-800-ROUTER,RC PCB,25,20,-5,B
,PSU-J2-4PIN,RC PCB,20,20,0,B
,PSU-J2-650,RC PCB,15,15,0,B
,PSU-LIN-POE-INJECTOR,RC PCB,30,15,-15,B
,PSU-MAG-9800I,RC PCB,20,15,-5,B
,PSU-SYM-WS2000,RC PCB,30,30,0,B
,PTR-ATM-SANEI-SK1,RC PRINTERS & PERIPHERALS,20,20,0,B
,PTR-AUR-ODP333,RC PRINTERS & PERIPHERALS,30,30,0,B
,PTR-EPS-TM88-CRM,RC PRINTERS & PERIPHERALS,30,30,0,B
,PTR-EPS-TM88IV-PAR,RC PRINTERS & PERIPHERALS,30,30,0,B
,PTR-EPS-TM88IV-USB,RC PRINTERS & PERIPHERALS,30,30,0,B
,PTR-EPS-TM88VII,RC PRINTERS & PERIPHERALS,30,30,0,B
,PTR-EPS-TM88-VI-USB,RC PRINTERS & PERIPHERALS,30,30,0,B
,PTR-EPS-TM88V-RS232,RC PRINTERS & PERIPHERALS,30,30,0,B
,PTR-EPS-TM88-V-USB,RC PRINTERS & PERIPHERALS,30,30,0,B
,PTR-EPS-TM88V-USB,RC PRINTERS & PERIPHERALS,30,30,0,B
,PTR-HP-1RL96AA-USB,RC PRINTERS & PERIPHERALS,20,20,0,B
,PTR-LID-WIN-TH230-BLK,RC PRINTERS & PERIPHERALS,30,30,0,B
,PTR-LID-WIN-TH250-BLK,RC PRINTERS & PERIPHERALS,30,25,-5,B
,PTR-MAX-MT150,RC PRINTERS & PERIPHERALS,30,25,-5,B
,PTR-TEC-TRST-A00,RC PRINTERS & PERIPHERALS,30,30,0,B
,PTR-TSC-DA210,RC PRINTERS & PERIPHERALS,30,30,0,B
,PTR-ZEB-GK420D,RC PRINTERS & PERIPHERALS,30,30,0,B
,PTR-ZEB-LP2844Z,RC PRINTERS & PERIPHERALS,30,20,-10,B
,RD-PTR-ZEB-LP2844-Z,RC PRINTERS & PERIPHERALS,40,20,-20,B
,RI-CDR-CIELO,RC PRINTERS & PERIPHERALS,30,30,0,B
,RI-CDR-MAXI-0050,RC PRINTERS & PERIPHERALS,25,30,5,B
,RI-CDR-MAXI-0496,RC PRINTERS & PERIPHERALS,30,30,0,B
,RI-ROU-CRADLEPOINT,RC PC,15,15,0,B
,RI-ROU-SILVERPEAK,RC PC,15,15,0,B
,RI-SCN-ZEB-DS8108,RC DCD,20,20,0,B
,RI-SCO-KEONN-ADVANPAY-120,RC DCD,15,15,0,B
,RI-SWI-EXTR-X435,RC PCB,25,25,0,B
,ROU-CIS-C1117-4P,RC PC,15,15,0,B
,ROU-CISCO-887,RC PC,20,15,-5,B
,ROU-CISCO897VA-M-K9,RC PC,15,15,0,B
,ROU-CISCO-C887VAG,RC PC,20,15,-5,B
,ROU-CISCOC897VA-K9,RC PC,15,15,0,B
,ROU-CIS-ISR-1111,RC PC,15,15,0,B
,ROU-DRA-VIG-2762,RC PC,15,15,0,B
,ROU-DRA-VIG-2763,RC PC,15,15,0,B
,ROU-DRA-VIG-2860N,RC PC,30,15,-15,B
,ROU-DRAY-2820-ROHAN,RC PC,30,15,-15,B
,ROU-DRAY-VIG-2820,RC PC,15,15,0,B
,ROU-FORT-FG60E-FW,RC PC,15,15,0,B
,ROU-FORT-FG60F,RC PCB,20,20,0,B
,ROU-UBI-POE-48-12W,RC PCB,10,10,0,B
,SB-NET-24PORT-SWI,RC PCB,30,25,-5,B
,SCA-AVERY-FX110,RC PCB,30,25,-5,B
,SCA-AVERY-FX120,RC PCB,30,25,-5,B
,SCN-CAN-LIDE110,RC DCD,25,20,-5,B
,SCN-DAT-3300-MUL,RC DCD,20,20,0,B
,SCN-DAT-5010-M1-KBW,RC DCD,45,25,-20,B
,SCN-DATA-3450VSI,RC DCD,20,20,0,B
,SCN-DAT-GD4130-USB,RC DCD,25,20,-5,B
,SCN-DAT-GFS4400,RC DCD,15,15,0,B
,SCN-DAT-MAG-8001,RC DCD,25,20,-5,B
,SCN-DAT-QD2330-BKK1,RC DCD,45,25,-20,B
,SCN-DAT-QD2330-BKK3,RC DCD,45,25,-20,B
,SCN-DORADA-HR2260-2D,RC DCD,20,20,0,B
,SCN-HHP-3800G04E,RC DCD,40,20,-20,B
,SCN-HHP-XEN-1900-USB,RC DCD,25,20,-5,B
,SCN-HON-MS9540-USB,RC DCD,20,20,0,B
,SCN-HP-1RL97AA,RC DCD,20,20,0,B
,SCN-HP-BW868AA,RC DCD,15,15,0,B
,SCN-MAG-1500I-BLK,RC DCD,20,20,0,B
,SCN-MAG-9800I-TDR,RC DCD,15,15,0,B
,SCN-MAG-M1500-I,RC DCD,20,20,0,B
,SCN-MET-3780-USB-BLK,RC DCD,20,20,0,B
,SCN-MET-7120-RS2-BLK,RC DCD,20,20,0,B
,SCN-MET-7120-USB-BLK,RC DCD,20,20,0,B
,SCN-MET-9520-KBW-BLK,RC DCD,40,25,-15,B
,SCN-MET-9520-KBW-CRM,RC DCD,40,25,-15,B
,SCN-MET-9520-RS2-BLK,RC DCD,40,25,-15,B
,SCN-MET-9520-USB-BLK,RC DCD,40,25,-15,B
,SCN-MET-9520-USB-CRM,RC DCD,40,25,-15,B
,SCN-MET-9540-USB-BLK,RC DCD,40,25,-15,B
,SCN-MET-QUANTUM-KBW,RC DCD,40,25,-15,B
,SCN-MET-QUANTUM-USB,RC DCD,30,25,-5,B
,SCN-MOT-DS4308-USB,RC DCD,20,20,0,B
,SCN-MOT-DS457-USB,RC DCD,20,20,0,B
,SCN-MOT-DS6708-USB,RC DCD,45,20,-25,B
,SCN-MOT-DS9208-USB,RC DCD,45,20,-25,B
,SCN-NOR-PICO-RF601,RC DCD,40,20,-20,B
,SCN-QUANTUM-STAND,RC DCD,45,20,-25,B
,SCN-SYM-DS4208,RC DCD,35,25,-10,B
,SCN-SYM-LS1902,RC DCD,25,20,-5,B
,SCN-SYM-LS9100-400BC,RC DCD,40,20,-20,B
,SCN-SYM-LS9208-LON,RC DCD,30,25,-5,B
,SCN-UNI-MS320-1G,RC DCD,40,30,-10,B
,SCN-ZEB-DS9308-USB,RC DCD,20,20,0,B
,SCO-LID-WIN-DETAG,RC PCB,20,20,0,B
,SCO-PSU-1500-MODULE,RC PCB,20,20,0,B
,SCO-SCA-SHEK-35KG,RC PCB,30,30,0,B
,SCO-SCA-SHEK-4POS-500-DN,RC PCB,30,30,0,B
,SCO-WAIT-LOCK-ASSY,RC PCB,20,20,0,B
,SCO-WIN-ACOSEL-B914,RC PCB,30,25,-5,B
,SCO-WIN-SELV-C406,RC PCB,20,20,0,B
,SDR-SCN-ZEB-RFD8500,RC DCD,20,20,0,B
,SDR-TAB-IPHONE-SE,RC DCD,20,20,0,B
,SDR-TAB-IPOD-TCH,RC DCD,20,20,0,B
,SDR-ZEB-CHG-CRA,RC DCD,20,20,0,B
,SEL-BSE-POS-TX-5000E,RC PC,30,30,0,B
,SEL-CDU-TX-5000E,RC PCB,20,15,-5,B
,SEL-CRA-DAT-M-INT433,RC DCD,15,20,5,B
,SEL-CRA-PSU-M-INT433,RC PCB,15,10,-5,B
,SEL-MON-POS-TM-3115E,RC PCB,30,25,-5,B
,SEL-PC-AXEL-M80,RC PC,30,20,-10,B
,SEL-PC-AXEL-M90,RC PC,15,20,5,B
,SEL-PSU-EPS-TMC5000,RC PCB,15,15,0,B
,SEL-PTR-EPS-TMC3500,RC PRINTERS & PERIPHERALS,30,20,-10,B
,SEL-SCN-DAT-PM9500,RC DCD,20,20,0,B
,SEL-SCN-DAT-PM9501,RC DCD,20,20,0,B
,SEL-SCN-DS4208-USB,RC DCD,35,30,-5,B
,SHO-CDR-AURES,RC PRINTERS & PERIPHERALS,15,30,15,B
,SHO-CDU-AUR-YUNO,RC PCB,20,20,0,B
,SHO-PSU-AUR-YUNO,RC PCB,15,15,0,B
,SHO-PTR-AUR-ODP333,RC PRINTERS & PERIPHERALS,30,30,0,B
,SHO-SCA-AVERY-FX120,RC PCB,30,25,-5,B
,SHO-SCN-DS9208-USB,RC DCD,15,20,5,B
,SHO-SCN-DS9808-USB,RC DCD,25,20,-5,B
,SIG-BRE-CDR-CD330-480B,RC PRINTERS & PERIPHERALS,25,30,5,B
,SIG-CDR-STD2000-BLK,RC PRINTERS & PERIPHERALS,40,30,-10,B
,SIG-CDR-STD2000-CRM,RC PRINTERS & PERIPHERALS,40,30,-10,B
,SIG-CRA-VX680,RC DCD,20,20,0,B
,SIG-KBD-ACC-IS-BLK,RC PRINTERS & PERIPHERALS,45,45,0,B
,SIG-KBD-ACC-IS-CRM,RC PRINTERS & PERIPHERALS,45,45,0,B
,SS-HUB-ENG-GO,RC PC,30,20,-10,B
,STND-DELL-MFS22-AIO,RC PCB,20,20,0,B
,SUP-CDR-FT-460MOD03,RC PRINTERS & PERIPHERALS,35,30,-5,B
,SUP-HUB-GSW2457-24PT,RC PCB,30,25,-5,B
,SUP-PTR-ZEB-GK420D,RC PRINTERS & PERIPHERALS,30,30,0,B
,SUP-PTR-ZEB-ZD420D,RC PRINTERS & PERIPHERALS,30,30,0,B
,SUP-SCN-DS9208-EAS,RC DCD,45,35,-10,B
,SUP-SWI-CIS-28P,RC PCB,20,25,5,B
,SVR-ISC-AMP-BOSCH,RC DCD,15,15,0,B
,SVR-ISC-SMC-V2.1,RC PC,30,30,0,B
,SVR-VOC-CTRLR,RC DCD,20,20,0,B
,SWI-NET-POE-GS116LP,RC PCB,30,20,-10,B
,THR-CDR-FT-B460,RC PRINTERS & PERIPHERALS,25,30,5,B
,THR-PSU-EPS-PS-180,RC PCB,15,15,0,B
,THR-PSU-ZEB-CS4070,RC PCB,15,15,0,B
,THR-PTR-EPS-TM88VI,RC PRINTERS & PERIPHERALS,30,30,0,B
,THR-SCN-SYM-CS4070,RC DCD,20,20,0,B
,THR-SCN-ZEB-CS6080,RC DCD,20,20,0,B
,TPRG-PSU-GIL-P60,RC PCB,30,30,0,B
,TPRG-PSU-GIL-P60-4PIN,RC PCB,30,30,0,B
,TPRG-SCN-DS2208-SR,RC DCD,20,20,0,B
,TPS-CDR-EUMOD-489RC,RC PRINTERS & PERIPHERALS,25,30,5,B
,TPS-CDU-BA90-BLK,RC PCB,20,15,-5,B
,TPS-CRA-TC51,RC DCD,15,15,0,B
,TPS-PTR-DIEBOLD-P1200,RC PRINTERS & PERIPHERALS,30,25,-5,B
,TRG-BUMP-ORA-220,RC DCD,15,15,0,B
,TRG-CDR-PAR-5E-415,RC PRINTERS & PERIPHERALS,25,30,5,B
,TRG-CDR-TOSH-DRWST-51A,RC PRINTERS & PERIPHERALS,30,30,0,B
,TRG-CDU-TOSH-ST-A20,RC PCB,20,20,0,B
,TRG-CRA-SYM-MC40-5SLOT,RC DCD,20,20,0,B
,TRG-CRA-ZEB-BAT-4SLOT,RC DCD,15,15,0,B
,TRG-CRA-ZEB-HHT-BAT-4SLOT,RC DCD,20,20,0,B
,TRG-MSR-TOSH-ST-A20,RC PCB,20,20,0,B
,TRG-ROU-CIS-C1117-4P,RC PC,15,15,0,B
,TRG-ROU-CIS-C927-4P,RC PC,15,15,0,B
,TRG-SCN-SYM-DS9208,RC DCD,20,20,0,B
,TRG-SWI-HP-ARUBA-24P,RC PCB,20,25,5,B
,TUI-SPK-SOUND-BAR-RSO,RC PCB,5,15,10,B
,TWC-CDU-FLY-455-003,RC PCB,20,15,-5,B
,TWC-PSU-CIELO-PX-150,RC PCB,15,15,0,B
,WAGA-BSE-MIC-KDS-DT166CR,RC PC,30,30,0,B
,WAGA-BUMP-ORA-220,RC PC,15,15,0,B
,WAGA-BUMP-QSR-KP9000,RC PC,15,15,0,B
,WAGA-CDR-APG-1616-BLK,RC PRINTERS & PERIPHERALS,15,15,0,B
,WAGA-PTR-EPS-TM-T88V,RC PRINTERS & PERIPHERALS,25,30,5,B
,WAGA-PTR-EPS-TM-T88VI,RC PRINTERS & PERIPHERALS,25,30,5,B
,WHI-CDR-CBS-0002RC,RC PRINTERS & PERIPHERALS,30,30,0,B
,WHIT-CONT-MASTER,RC PC,30,30,0,B
,WHIT-CONT-QBRA-6700,RC CONSUMABLES,20,5,,B
,WHIT-KP-7500-BUMP,RC PC,15,15,0,B
,WHIT-MSR-A1050,RC PCB,15,15,0,B
,WHIT-MSR-IPOS,RC PCB,20,15,-5,B
,WHIT-PSU-DELL-180W,RC PCB,10,15,5,B
,WHIT-PSU-DELL-PC,RC PCB,15,15,0,B
,WHIT-PSU-IPOS,RC PCB,15,15,0,B
,WHIT-PSU-PS180,RC PCB,15,15,0,B
,WHIT-PSU-SWI-RFS4000,RC PCB,15,15,0,B
,WHIT-SCN-WINCOR,RC DCD,20,20,0,B
,WHIT-SWI-ALLIED-16P,RC PCB,30,30,0,B
,WHIT-SWI-ALLIED-24P,RC PCB,30,25,-5,B
,WHIT-SWI-ATA187-I1-A,RC PCB,30,25,-5,B
,WHIT-SWI-C1000FE-4G-L,RC PCB,20,20,0,B
,WHIT-SWI-C2960-24LC,RC PCB,35,30,-5,B
,WHIT-SWI-C2960-24PC,RC PCB,30,30,0,B
,WHIT-SWI-CISATA190,RC PCB,25,25,0,B
,WHIT-SWI-GLC-SX-MM,RC PCB,20,20,0,B
,WHIT-SWI-HP-V1410,RC PCB,15,20,5,B
,WHIT-SWI-RFS4000-5.5,RC PCB,20,20,0,B
,WHIT-SWI-TNET-TEG-5P,RC PCB,20,20,0,B
,WHIT-TAB-LEN-M10,RC DCD,20,20,0,B
,WHIT-XCEED-VID-CONT,RC PC,15,15,0,B
,WHS-HUB-EXT-24-POE,RC PCB,25,25,0,B
,WHS-HUB-EXT-8-POE,RC PCB,15,20,5,B
,WHS-HUB-HP-1910-180W,RC PC,30,30,0,B
,WHS-HUB-HP-1910-365W,RC PCB,20,25,5,B
,WHS-HUB-HP-1910-65W,RC PC,30,30,0,B
,WHS-HUB-HP-1920-370W,RC PC,20,30,10,B
,WHS-HUB-HP-1920-65W,RC PC,20,30,10,B
,WHS-SWI-1420,RC PCB,25,25,0,B
,WHS-SWI-DLINK-1100-24P,RC PCB,25,25,0,B
,WHS-SWI-HP-1430,RC PCB,30,25,-5,B
,YC-CDR-CEILO-STD,RC PRINTERS & PERIPHERALS,25,30,5,B
,YC-PTR-AUR-ODP,RC PRINTERS & PERIPHERALS,30,30,0,B
,YC-SCN-DS9208,RC DCD,15,15,0,B
,CDR-ANKER-FT-KEY,RC PRINTERS & PERIPHERALS,,,,B
,APPLE-IPAD-3,RC DCD,55,40,-15,C
,APPLE-IPHONE-6,RC DCD,65,40,-25,C
,ASW-BSE-BEETLE-I5,RC PC,30,35,5,C
,ASW-MON-LEN-E22-28,RC PCB,25,25,0,C
,ASW-MON-WIN-BA92,RC PCB,25,25,0,C
,ASW-PTR-ZQ210-HHT,RC PRINTERS & PERIPHERALS,45,45,0,C
,ASW-ZEB-TC52-HHT-DC,RC DCD,45,45,0,C
,AWR-BSE-POS-335,RC PC,45,45,0,C
,BAT-APC-1500VA,RC PCB,65,50,-15,C
,BAT-APC-2200VA,RC PCB,30,40,10,C
,BAT-NORD-PL3000,RC PCB,65,0,-65,C
,BEA-BSE-HP-ENGAGE,RC PC,50,45,-5,C
,BEA-SVR-HP-G10,RC PC,60,60,0,C
,BEA-SWI-MER-MS220-24,RC PCB,75,35,-40,C
,BRA-PTR-STR-SP500,RC PRINTERS & PERIPHERALS,75,45,-30,C
,BSE-AUR-ODYSE-WOC-V2,RC PC,75,60,-15,C
,BSE-AUR-SANGO,RC PC,60,50,-10,C
,BSE-AUR-SANGO-I5,RC PC,60,50,-10,C
,BSE-AUR-YUNO,RC PC,45,40,-5,C
,BSE-AUR-YUNO-AWR,RC PC,45,40,-5,C
,BSE-AUR-YUNO-B,RC PC,60,50,-10,C
,BSE-AUR-YUNO-I3,RC PC,45,40,-5,C
,BSE-CIELO-AIO-15,RC PC,45,40,-5,C
,BSE-CIELO-PX150,RC PC,65,45,-20,C
,BSE-CIELO-PX-150-AIO,RC PC,45,45,0,C
,BSE-DIG-BLADE-RB2,RC PC,45,45,0,C
,BSE-HP-1HH67AV,RC PC,45,45,0,C
,BSE-HP-290-G1-SFF,RC PC,30,30,0,C
,BSE-HP-ELITEPOS-I5,RC PC,45,45,0,C
,BSE-J2-240,RC PC,60,45,-15,C
,BSE-J2-650,RC PC,60,45,-15,C
,BSE-J2-680-CW,RC PC,45,45,0,C
,BSE-J2-690,RC PC,45,45,0,C
,BSE-J2-YUNO,RC PC,60,50,-10,C
,BSE-TEC-ST-A10-15,RC PC,45,45,0,C
,BSE-TEC-STA20-AWR,RC PC,45,45,0,C
,BSE-TOSH-TCX800,RC PC,45,45,0,C
,BSE-TOSH-TCX810,RC PC,45,45,0,C
,CC-BSE-NCR-CX7-7772,RC PC,45,45,0,C
,CCTV-1/4-DME-CAMERA,RC PC,30,25,-5,C
,CEC-KRO-TIME-CLOCK,RC PC,30,30,0,C
,CEC-PC-LEN-M70QG4-USFF,RC PC,30,25,-5,C
,CEC-PC-LEN-M70Q-USFF,RC PC,40,30,-10,C
,CEC-PC-LEN-M900-SCS,RC PC,30,30,0,C
,CEC-PC-LEN-M900-USFF,RC PC,30,30,0,C
,CEC-PC-LEN-M920Q-SCS,RC PC,35,30,-5,C
,CLK-IPAD-10-64GB,RC DCD,30,30,0,C
,CLK-IPHONE-14-128GB,RC DCD,30,30,0,C
,CLK-MON-LCD-15,RC PCB,45,35,-10,C
,CLK-PTR-EPS-TMH5000,RC PRINTERS & PERIPHERALS,45,45,0,C
,CLK-PTR-LEX-E460DN,RC PRINTERS & PERIPHERALS,65,60,-5,C
,CLK-PTR-STAR-MCP31LBK,RC PRINTERS & PERIPHERALS,30,30,0,C
,CON-PCB-REP-A,RC PCB,25,25,0,C
,COS-BSE-EVOQ-EV395K,RC PC,45,45,0,C
,COS-BSE-INDIGO-IT190,RC PC,60,45,-15,C
,COS-DT-PIKS-UNIT,RC PCB,35,35,0,C
,COS-LAP-DELL-VOSTRO,RC PC,60,60,0,C
,COS-LAP-LEN-L16-G1,RC PC,35,60,25,C
,COS-LAP-LEN-T460,RC PC,60,60,0,C
,COS-LAP-LEN-T470,RC PC,60,60,0,C
,COS-LAP-LEN-T480,RC PC,60,60,0,C
,COS-LAP-MS-SURFACE-PRO,RC PC,60,45,-15,C
,CO-SUB-CCTV1/4DMCAM,RC PC,65,50,-15,C
,CPI-UPS-BAT-RBC33,RC PCB,75,45,-30,C
,DUN-PTR-TSP700-CRM,RC PRINTERS & PERIPHERALS,65,45,-20,C
,HBS-BSE-AURES-YUNO,RC PC,45,40,-5,C
,HOB-PC-HP-280-G2,RC PC,30,30,0,C
,HUB-PUREHUB-USB-213,RC PCB,35,35,0,C
,HWR-PC-HP-4300-SFF,RC PC,55,40,-15,C
,HWS-ITSU-BOX-POS-335,RC PC,45,40,-5,C
,HWS-MON-BOX-POS337,RC PC,45,40,-5,C
,HWS-PZH-CHRM-80YS-N23,RC PC,45,45,0,C
,HWS-PZH-CHRM-BK-2ND-GEN,RC PC,45,45,0,C
,HWS-PZH-CIELO-15-4GB,RC PC,45,45,0,C
,HWS-PZH-CIELO-22-CUT,RC PC,60,60,0,C
,HWS-PZH-CIELO-22-MSR-FOH-POS,RC PC,45,60,15,C
,HWS-PZH-HP5800-SVR,RC PC,40,45,5,C
,HWS-PZH-POS-MIC-WS4,RC PC,60,60,0,C
,HWS-PZH-POS-MIC-WS5A,RC PC,45,45,0,C
,HWS-PZH-TAB-LEN-TKP10,RC DCD,20,20,0,C
,KBD-ACC-540-MINI-LAS,RC PRINTERS & PERIPHERALS,50,45,-5,C
,KVM-ATEN-17-8PT-LIDL,RC PC,45,60,15,C
,KVM-ATEN-17-MON,RC PC,30,30,0,C
,LAP-DELL-5500,RC PC,60,60,0,C
,LAP-DELL-5510,RC PC,60,60,0,C
,LAP-DELL-5520,RC PC,40,60,20,C
,LAP-DELL-5530,RC PC,60,60,0,C
,LAP-DELL-5540,RC PC,60,60,0,C
,LAP-DELL-5550,RC PC,30,60,30,C
,LAP-DELL-E5530,RC PC,40,60,20,C
,LAP-DELL-E5540,RC PC,60,60,0,C
,LAP-DELL-E5550,RC PC,60,60,0,C
,LAP-DELL-E5570,RC PC,60,60,0,C
,LAP-DELL-E5580,RC PC,60,60,0,C
,LAP-DELL-E5590,RC PC,60,60,0,C
,LAP-HP-PRO-6570B,RC PC,60,60,0,C
,LID-PC-HP-800G5-AIO,RC PC,60,45,-15,C
,LYD-E-MON-LCD-17-TOU,RC PCB,45,30,-15,C
,LYD-E-MON-LCD-19-GEN,RC PCB,45,30,-15,C
,LYD-E-PTR-3110CN,RC PRINTERS & PERIPHERALS,50,30,-20,C
,LYD-E-PTR-C3765DNF,RC PRINTERS & PERIPHERALS,50,30,-20,C
,LYD-E-PTR-EPS-TM88V,RC PRINTERS & PERIPHERALS,30,30,0,C
,LYD-E-PTR-HP-CP3525,RC PRINTERS & PERIPHERALS,50,30,-20,C
,LYD-E-PTR-OKI-3320,RC PRINTERS & PERIPHERALS,65,55,-10,C
,MCD-BSE-ACR-NGK27,RC MCD,45,40,-5,C
,MCD-BSE-ATR-T20-THIN,RC MCD,60,60,0,C
,MCD-BSE-DELL-THIN-3040,RC MCD,45,30,-15,C
,MCD-DMB-NEC-TFT-V323,RC MCD,40,40,0,C
,MCD-DMB-NEC-TFT-V323-2,RC MCD,40,40,0,C
,MCD-DMB-SAM-TFT-LH32MEC,RC MCD,40,40,0,C
,MCD-DMB-SAM-TFT-QM32C,RC MCD,30,30,0,C
,MCD-DMB-SMP-NUC-EVRGLD-2,RC MCD,30,30,0,C
,MCD-KSK-EVOK-MON-32-KIT,RC MCD,60,60,0,C
,MCD-KSK-EVOK-PTR-TSP700-KIT,RC MCD,45,45,0,C
,MCD-KSK-EVO-PC-KIT,RC MCD,45,45,0,C
,MCD-KSK-SKYLAKEPC-KIT,RC MCD,45,45,0,C
,MCD-POS-HP-ENGAGE1,RC MCD,60,60,0,C
,MCD-POS-HP-ENGAGE1-STND,RC MCD,60,60,0,C
,MCD-POS-NCR-CX7,RC MCD,60,60,0,C
,MCD-POS-NCR-CX7-STAND,RC MCD,60,60,0,C
,MCD-POS-PAN970-NOSTAND-W10,RC MCD,60,60,0,C
,MCD-POS-PAR-WAVE-M7150-10,RC MCD,60,60,0,C
,MCD-PTR-CTS751-HP-KIT,RC MCD,40,35,-5,C
,MCD-PTR-CTS751-JS970-KIT,RC MCD,40,35,-5,C
,MCD-PTR-CTS751-NCR-KIT,RC MCD,40,35,-5,C
,MCD-PTR-CTS751-WAVE-KIT,RC MCD,40,35,-5,C
,MCD-PTR-LAB3-KIT,RC MCD,45,35,-10,C
,MCD-PTR-STAR-FVP10,RC MCD,40,25,-15,C
,MCD-PTR-STAR-MCP31L-KIT,RC MCD,40,30,-10,C
,MCD-PTR-STAR-TSP700II,RC MCD,45,45,0,C
,MCD-UPS-RCKMNT-VERT,RC MCD,45,45,0,C
,MON-42-GENERIC,RC PCB,30,45,15,C
,MON-GEN-WIDE-19,RC PCB,35,30,-5,C
,MON-LCD-15+PSU,RC PCB,45,30,-15,C
,MON-LCD-17,RC PCB,45,35,-10,C
,MON-LCD-17-BLK,RC PCB,45,35,-10,C
,MON-LCD-19-BO,RC PCB,45,40,-5,C
,MON-LCD-19-WIDE,RC PCB,45,30,-15,C
,MON-LCD-20,RC PCB,45,45,0,C
,MON-LCD-22BLK,RC PCB,35,30,-5,C
,MON-LCD-24-BLK,RC PCB,45,30,-15,C
,MON-LCD-ACER-19,RC PCB,45,30,-15,C
,MON-LCD-ACER-V173,RC PCB,45,35,-10,C
,MON-LCD-DELL-P1913,RC PCB,45,35,-10,C
,MON-LCD-DIG-MPLX-15,RC PCB,45,45,0,C
,MON-LCD-DIG-SOA30000,RC PCB,45,45,0,C
,MON-LCD-DIG-SOA40142,RC PCB,45,45,0,C
,MON-LCD-DIG-SOA40145,RC PCB,45,45,0,C
,MON-LCD-DIG-SOA40200,RC PCB,45,45,0,C
,MON-LCD-DIG-SOA40212,RC PCB,45,45,0,C
,MON-LCD-DIG-SOA70004,RC PCB,45,45,0,C
,MON-LCD-DIG-TPK1800,RC PCB,45,45,0,C
,MON-LCD-ELO-1525-A56,RC PCB,45,45,0,C
,MON-LCD-ELO-1529-E41,RC PCB,45,45,0,C
,MON-LCD-ELO-ET1522L,RC PCB,45,45,0,C
,MON-LCD-HANNSG-19,RC PCB,45,40,-5,C
,MON-LCD-HP-L2202X,RC PCB,45,30,-15,C
,MON-LCD-HP-P24G4,RC PCB,25,25,0,C
,MON-LCD-NEC-17,RC PCB,45,30,-15,C
,MON-LCD-P2424HT,RC PCB,20,20,0,C
,MON-LCD-T1-TALDOR,RC PCB,40,20,-20,C
,MON-LCD-TYCO-19,RC PCB,30,30,0,C
,MON-LCD-VS-VA705B-17,RC PCB,45,30,-15,C
,MON-LCD-WIN-BA83,RC PCB,45,40,-5,C
,MON-LED-ELO-2201L,RC PCB,40,45,5,C
,MON-LG-28,RC PCB,30,30,0,C
,MON-WIN-BA92-TOUCH,RC PCB,25,25,0,C
,MON-WIN-BA93-BLK,RC PCB,25,25,0,C
,MV-BSE-TOS-WAVE,RC PC,50,45,-5,C
,MW-BSE-HP-ENGAGE-145,RC PC,45,45,0,C
,NT-BLD-BSE-DIG-A300,RC PC,45,45,0,C
,NT-BLD-BSE-DIG-A500,RC PC,45,45,0,C
,NT-BLD-BSE-TORI-915,RC PC,45,45,0,C
,NT-BSE-DIG-A300,RC PC,45,45,0,C
,NT-BSE-DIG-A500,RC PC,45,45,0,C
,NT-BSE-RET-ACT-8000-64,RC PC,30,25,-5,C
,NT-BSE-TORI-915,RC PC,45,45,0,C
,NT-PTR-EPS-TMU220B,RC PRINTERS & PERIPHERALS,30,40,10,C
,NT-TAB-DELL-LAT-5175,RC DCD,30,30,0,C
,NT-TAB-DELL-VEN-7140,RC DCD,20,30,10,C
,ODE-10SQU-RED-BOX-17,RC PCB,55,0,-55,C
,ODE-10SQU-RED-BOX-24,RC PCB,55,0,-55,C
,ODE-BSE-YUNO-22-LAD,RC PC,45,30,-15,C
,ODE-PC-10SQ-REDBOX-15,RC PCB,55,0,-55,C
,ODE-PC-10SQ-REDBOX-17,RC PCB,55,0,-55,C
,ODE-PTR-TSP743II-USB,RC PRINTERS & PERIPHERALS,45,45,0,C
,ODE-UPS-3K-RMHV2UNC,RC PCB,50,50,0,C
,ODE-UPS-APC-1500VA,RC PCB,30,45,15,C
,OST-MON-FLY-135-2N,RC PCB,25,25,0,C
,OST-MON-FLY-UPG,RC PCB,25,25,0,C
,PAD-BAT-APC-RBC123,RC PCB,20,25,5,C
,PAD-BAT-APC-RBC133,RC PCB,45,45,0,C
,PAD-BPS-PTR-STR-TSP143,RC PRINTERS & PERIPHERALS,30,30,0,C
,PAD-H-MULT-T1700-IVG,RC PC,30,25,-5,C
,PAD-LCD-LEN-T1714,RC PCB,30,25,-5,C
,PAD-PC-OPT-5050,RC PC,30,30,0,C
,PAD-PC-OPT-5080,RC PC,30,30,0,C
,PAD-PTR-STR-TSP743II,RC PRINTERS & PERIPHERALS,45,20,-25,C
,PAD-SSBT-PTR-STR-TSP743,RC PRINTERS & PERIPHERALS,45,45,0,C
,PAD-SSBT-PTR-TAB,RC PRINTERS & PERIPHERALS,30,30,0,C
,PAD-SSBT-TABLET,RC PC,30,30,0,C
,PAD-UPS-APC-1500VA,RC PCB,45,45,0,C
,PAD-UPS-GEWE-500AP,RC PCB,25,25,0,C
,PC-ACER-VER-N260G,RC PC,50,45,-5,C
,PC-COM-ELITE-8000,RC PC,50,45,-5,C
,PC-DELL-OPT-3020-SFF,RC PC,55,30,-25,C
,PC-DELL-OPT-9010-TWR,RC PC,55,30,-25,C
,PC-DELL-OPTI-7000M,RC PC,30,30,0,C
,PC-DELL-OPTI-7000-SFF,RC PC,30,30,0,C
,PC-DELL-OPTI-7010-ATM,RC PC,30,30,0,C
,PC-DELL-OPTI-7010M,RC PC,30,30,0,C
,PC-DELL-OPTI-7010-SFF,RC PC,40,30,-10,C
,PC-DELL-OPTI-7070-SFF,RC PC,30,30,0,C
,PC-DELL-OPTI-7080M,RC PC,30,30,0,C
,PC-DELL-OPTI-7080-SFF,RC PC,30,30,0,C
,PC-DELL-OPTI-7090M,RC PC,30,30,0,C
,PC-DELL-OPTI-7090-SFF,RC PC,30,30,0,C
,PC-DELL-OPTI-790-ATM,RC PC,30,30,0,C
,PC-DELL-OPTI-790-USFF,RC PC,30,30,0,C
,PC-DELL-OPTI-LS85-9020-SFF,RC PC,30,30,0,C
,PC-DELL-OPTI-LS88-9020-SFF,RC PC,30,30,0,C
,PC-DELL-OPTIPLEX-7040M,RC PC,30,30,0,C
,PC-DELL-OPTIPLEX-7040SFF,RC PC,30,30,0,C
,PC-DELL-OPTIPLEX-7050M,RC PC,30,30,0,C
,PC-DELL-OPTIPLEX-7050SFF,RC PC,30,30,0,C
,PC-DELL-OPTIPLEX-7050SFF-8GB,RC PC,30,30,0,C
,PC-DELL-OPTIPLEX-7060M,RC PC,30,30,0,C
,PC-DELL-OPTIPLEX-7060SFF,RC PC,30,30,0,C
,PC-DELL-OPTIPLEX-7070M,RC PC,30,30,0,C
,PC-DELL-OPTIPLEX-7070SFF,RC PC,30,30,0,C
,PC-DELL-OPTIPLEX-9020M,RC PC,30,30,0,C
,PC-DELL-OPTIPLEX-9020-USFF,RC PC,30,30,0,C
,PC-DELL-OPTIPLEX-XE2,RC PC,45,45,0,C
,PC-HP-400-G2-MT-I5,RC PC,30,30,0,C
,PC-HP-400-G3-AIO-I3,RC PC,45,30,-15,C
,PC-HP-400-G6,RC PC,30,30,0,C
,PC-HP-ELITE-8300SFF,RC PC,30,30,0,C
,PC-HP-PRO-400,RC PC,45,30,-15,C
,PC-HP-PRO-400-G4,RC PC,30,30,0,C
,PC-HP-PRO-DESK-G3-I5,RC PC,30,30,0,C
,PC-HP-THIN-T630,RC PC,30,30,0,C
,PC-MINI-EVETEC,RC PC,30,30,0,C
,PIC-BSE-J2-650,RC PC,65,45,-20,C
,PIC-BSE-J2-680,RC PC,40,45,5,C
,PIC-PTR-STAR-TSP700,RC PRINTERS & PERIPHERALS,30,45,15,C
,PON-PTR-EPS-TM88-IV,RC PRINTERS & PERIPHERALS,45,30,-15,C
,PON-PTR-EPS-TMU220B,RC PRINTERS & PERIPHERALS,45,45,0,C
,PS-BSE-TOSH-6140-A30,RC PC,45,40,-5,C
,PTR-AXI-A799-BLK,RC PRINTERS & PERIPHERALS,45,45,0,C
,PTR-EPS-FX880-9P-DOT,RC PRINTERS & PERIPHERALS,50,45,-5,C
,PTR-EPS-IM700,RC PRINTERS & PERIPHERALS,30,30,0,C
,PTR-EPS-LQ680-24P,RC PRINTERS & PERIPHERALS,50,45,-5,C
,PTR-EPS-TM-C3400BK,RC PRINTERS & PERIPHERALS,20,25,5,C
,PTR-EPS-TM-C3400-COL,RC PRINTERS & PERIPHERALS,30,25,-5,C
,PTR-EPS-TMH5000II,RC PRINTERS & PERIPHERALS,45,45,0,C
,PTR-EPS-TMH6000-10.1,RC PRINTERS & PERIPHERALS,55,45,-10,C
,PTR-EPS-TMH6000-HN,RC PRINTERS & PERIPHERALS,50,45,-5,C
,PTR-EPS-TMH6000-MKIV,RC PRINTERS & PERIPHERALS,45,45,0,C
,PTR-EPS-TM-T70-S,RC PRINTERS & PERIPHERALS,30,30,0,C
,PTR-EPS-TM-T70-USB,RC PRINTERS & PERIPHERALS,30,30,0,C
,PTR-EPS-TM-T88VI,RC PRINTERS & PERIPHERALS,30,30,0,C
,PTR-HP-CLR-CW,RC PRINTERS & PERIPHERALS,65,55,-10,C
,PTR-HP-E40040,RC PRINTERS & PERIPHERALS,65,55,-10,C
,PTR-HP-M402DN,RC PRINTERS & PERIPHERALS,65,55,-10,C
,PTR-HP-M404DW,RC PRINTERS & PERIPHERALS,45,45,0,C
,PTR-HP-P2055DN-WDT,RC PRINTERS & PERIPHERALS,55,55,0,C
,PTR-LEX-E360DN,RC PRINTERS & PERIPHERALS,55,55,0,C
,PTR-LEX-T610,RC PRINTERS & PERIPHERALS,55,55,0,C
,PTR-OKI-MICRO-52E-9P,RC PRINTERS & PERIPHERALS,50,45,-5,C
,PTR-PA-PITL-2002,RC PRINTERS & PERIPHERALS,45,45,0,C
,PTR-RICOH-SG3100DN,RC PRINTERS & PERIPHERALS,50,55,5,C
,PTR-SAM-CRP-415N-WDT,RC PRINTERS & PERIPHERALS,50,45,-5,C
,PTR-STAR-TSP700,RC PRINTERS & PERIPHERALS,45,45,0,C
,PTR-STR-SP300-PAR,RC PRINTERS & PERIPHERALS,45,30,-15,C
,PTR-STR-SP700R-SER,RC PRINTERS & PERIPHERALS,45,45,0,C
,PTR-STR-SP712R-NWK,RC PRINTERS & PERIPHERALS,45,30,-15,C
,PTR-STR-SP742-NWK,RC PRINTERS & PERIPHERALS,45,30,-15,C
,PTR-STR-TSP100-USB,RC PRINTERS & PERIPHERALS,30,30,0,C
,PTR-STR-TSP143-BLK,RC PRINTERS & PERIPHERALS,55,30,-25,C
,PTR-STR-TSP143III-USB,RC PRINTERS & PERIPHERALS,30,30,0,C
,PTR-STR-TSP143II-USB,RC PRINTERS & PERIPHERALS,45,30,-15,C
,PTR-STR-TSP500,RC PRINTERS & PERIPHERALS,55,45,-10,C
,PTR-STR-TSP743II-USB,RC PRINTERS & PERIPHERALS,45,45,0,C
,PTR-STR-TSP743-VERT,RC PRINTERS & PERIPHERALS,45,45,0,C
,PTR-TOSH-GH30-32,RC PRINTERS & PERIPHERALS,45,45,0,C
,PTR-TOSH-GH30-V2,RC PRINTERS & PERIPHERALS,30,45,15,C
,PTR-TSP743II-GREY,RC PRINTERS & PERIPHERALS,45,45,0,C
,PTR-WIN-TH230-BLK,RC PRINTERS & PERIPHERALS,30,45,15,C
,PTR-ZEB-TTP2030,RC PRINTERS & PERIPHERALS,30,30,0,C
,RI-BSE-FLY-NINJA,RC PC,45,45,0,C
,RI-BSE-HP800G3,RC PC,30,30,0,C
,RI-BSE-IBM-743,RC PC,30,45,15,C
,RI-BSE-IBM-745,RC PC,30,45,15,C
,RI-LAP-LEN-5500U-P2PE,RC PC,60,60,0,C
,RI-MON-IBM-4820-2WB,RC PCB,45,45,0,C
,RI-MON-IBM-4820-42T,RC PCB,40,45,5,C
,RI-MON-IBM-4820-48T,RC PCB,40,45,5,C
,RI-MON-LCD-19,RC PCB,30,30,0,C
,RI-PTR-HP-4002DN,RC PRINTERS & PERIPHERALS,50,45,-5,C
,RI-PTR-IBM-4610-1NR,RC PRINTERS & PERIPHERALS,30,30,0,C
,RI-PTR-IBM-4610-T13,RC PRINTERS & PERIPHERALS,30,45,15,C
,RI-PTR-STAR-MCP31,RC PRINTERS & PERIPHERALS,30,30,0,C
,RI-SCO-PTR-STAR-MCP31-BLK,RC PRINTERS & PERIPHERALS,30,30,0,C
,RYM-PTR-STR-TSP100U,RC PRINTERS & PERIPHERALS,30,30,0,C
,SCN-SCA-MAG-9800I,RC PCB,60,60,0,C
,SCO-SCA-MAG-9800I,RC PCB,60,60,0,C
,SHO-BSE-AUR-NINO,RC PC,45,45,0,C
,SHO-BSE-AUR-YUNO,RC PC,45,45,0,C
,SHO-PC-ASUS-AIO,RC PC,30,30,0,C
,SHO-PC-DELL-OPT-990,RC PC,30,30,0,C
,SHO-PTR-HP-M209DW,RC PRINTERS & PERIPHERALS,65,55,-10,C
,SIG-BSE-HP-RP5800,RC PC,45,40,-5,C
,SIG-MON-15-BLK,RC PCB,35,35,0,C
,SIG-MON-15-CRM,RC PCB,40,40,0,C
,SIG-MON-17-BO,RC PCB,30,25,-5,C
,SIG-MON-DELL-E1715S-BLK,RC PCB,25,25,0,C
,SIG-MON-LED-17,RC PCB,25,20,-5,C
,SIG-PC-HP-RP5800,RC PC,30,40,10,C
,SIG-PTR-A760-BLK,RC PRINTERS & PERIPHERALS,45,45,0,C
,SIG-PTR-A760-CRM,RC PRINTERS & PERIPHERALS,45,45,0,C
,SIG-PTR-HL-L5100DN,RC PRINTERS & PERIPHERALS,65,55,-10,C
,SIG-PTR-MFC-L5750DW,RC PRINTERS & PERIPHERALS,65,55,-10,C
,SUP-DELL-3070-MFF,RC PC,40,30,-10,C
,SUP-DELL-SVR-OPTI-7090-SFF,RC PC,30,30,0,C
,SUP-MON-DELL-22,RC PCB,20,20,0,C
,SUP-MON-LCD-DELL-19,RC PCB,45,30,-15,C
,SUP-PTR-BRO-J1010DW,RC PRINTERS & PERIPHERALS,65,55,-10,C
,SUP-PTR-BRO-J480DW,RC PRINTERS & PERIPHERALS,50,55,5,C
,SUP-PTR-BRO-J890DW,RC PRINTERS & PERIPHERALS,65,55,-10,C
,SUP-SVR-LEN-M75-PSL,RC PC,30,30,0,C
,SVR-ACER-VER-N281G,RC PC,55,45,-10,C
,SVR-NAS-NET-2304,RC PC,45,30,-15,C
,SVR-PYRAMID-SS-VER6,RC PC,20,20,0,C
,SVR-PYRAMID-SS-VER7,RC PC,30,20,-10,C
,SWI-HP-PRO-2510-48,RC PCB,30,30,0,C
,SWI-HUA-S5720-12PT,RC PCB,25,25,0,C
,SWI-HUA-S5720-48PT,RC PCB,30,30,0,C
,SWI-HUA-S5735-48PT,RC PCB,40,30,-10,C
,TES-ACRELEC-TEF-27F-PUK,RC PC,60,60,0,C
,TES-BOX-TEC-22F-PUK,RC PC,95,90,-5,C
,TES-MON-TOUCH-22-64GB,RC PC,45,45,0,C
,THR-BSE-HP-RP5810,RC PC,30,30,0,C
,THR-IPAD-AIR-4TH,RC DCD,40,40,0,C
,THR-MON-DELL-P2217H,RC PCB,25,25,0,C
,TPRG-BSE-GIL-P60-1PIN,RC PC,60,60,0,C
,TPRG-BSE-GIL-P60-4PIN,RC PC,60,60,0,C
,TPRG-PC-DELL-7010MFF,RC PC,30,30,0,C
,TPRG-PC-HP-ELITE-800-G2,RC PC,30,30,0,C
,TPS-BLD-BSE-IPOS-COREI5,RC PC,45,45,0,C
,TPS-BSE-IPOS-COREI5,RC PC,45,45,0,C
,TPS-MON-AKNTZCS-10.1,RC PCB,30,30,0,C
,TPS-PTR-HP4002DW,RC PRINTERS & PERIPHERALS,65,45,-20,C
,TPS-SVR-DELL-7050,RC PC,30,30,0,C
,TRG-BSE-ORA-310,RC PC,40,45,5,C
,TRG-LAP-DELL-3520,RC PC,60,60,0,C
,TRG-MON-DELL-19,RC PCB,20,20,0,C
,TRG-MON-HP-24,RC PCB,20,20,0,C
,TRG-PTR-EPS-TMU220D,RC PRINTERS & PERIPHERALS,45,45,0,C
,TRG-PTR-HP-9010E,RC PRINTERS & PERIPHERALS,50,55,5,C
,TRG-PTR-STAR-SP700,RC PRINTERS & PERIPHERALS,45,45,0,C
,TRG-PTR-ZON-BTP-M300,RC PRINTERS & PERIPHERALS,40,40,0,C
,TRG-PTR-ZON-BTP-R580II,RC PRINTERS & PERIPHERALS,30,40,10,C
,TRG-TAB-IPAD7-A2197,RC DCD,40,40,0,C
,TRG-TAB-IPAD9-A2602,RC DCD,40,40,0,C
,TRG-TAB-IPAD-MINI2,RC DCD,40,40,0,C
,TRG-TAB-IPAD-MINI-A2124,RC DCD,40,40,0,C
,TRG-TAB-IPAD-MINI-A2133,RC DCD,40,40,0,C
,TRG-TAB-IPAD-MINI-A2567,RC DCD,40,40,0,C
,TRG-TAB-IPAD-MINI-A2993,RC DCD,40,40,0,C
,TRG-TAB-IPOD-TCH-6GEN,RC DCD,35,35,0,C
,TUI-MON-24-INCH,RC PCB,25,20,-5,C
,TWC-BSE-BOX-CIELO-I5,RC PC,45,45,0,C
,TWC-BSE-CIELO-AIO,RC PC,45,45,0,C
,TWC-BSE-FLY-455-CEL,RC PC,45,45,0,C
,TWC-MON-CIELO-15,RC PCB,35,30,-5,C
,TWC-MON-CIELO-AIO,RC PCB,30,30,0,C
,TWC-MON-LCD-17,RC PCB,30,20,-10,C
,TWC-PC-DELL-BO,RC PC,30,30,0,C
,UPS-APC-1500VA,RC PCB,30,45,15,C
,UPS-APC-2200VA,RC PCB,30,40,10,C
,UPS-APC-350,RC PCB,30,30,0,C
,UPS-APC-420,RC PCB,30,30,0,C
,UPS-APC-700VA,RC PCB,30,30,0,C
,UPS-APC-850G2-UK,RC PCB,30,30,0,C
,UPS-BAT-CSB-12120-F2,RC PCB,30,10,-20,C
,UPS-BAT-CSB-1223W-F2,RC PCB,30,10,-20,C
,UPS-BAT-CSB-GP1272F2,RC PCB,30,10,-20,C
,UPS-ELLIPSE-600,RC PCB,30,30,0,C
,UPS-PULSAR-ELLIPSE,RC PCB,45,30,-15,C
,UPS-ZIGOR-EBRO-650VA,RC PCB,30,30,0,C
,WAGA-BSE-ORA-MIC-610,RC PC,45,45,0,C
,WAGA-BSE-ORA-MIC-625E,RC PC,45,45,0,C
,WAGA-BSE-ORA-MIC-625X,RC PC,45,45,0,C
,WAGA-BSE-ORA-MIC-650,RC PC,45,45,0,C
,WAGA-BSE-ORA-MIC-655X,RC PC,45,45,0,C
,WAGA-PTR-EPS-TMU220B,RC PRINTERS & PERIPHERALS,45,45,0,C
,WHI-BSE-AUR-YUNO,RC PC,45,45,0,C
,WHI-BSE-RET-ACT-I5,RC PC,45,30,-15,C
,WHI-PTR-HL-L2375DW,RC PRINTERS & PERIPHERALS,50,45,-5,C
,WHIT-BSE-IPOS,RC PC,45,45,0,C
,WHIT-CDR-2000-0026,RC PRINTERS & PERIPHERALS,40,40,0,C
,WHIT-CDR-CBS-0822,RC PRINTERS & PERIPHERALS,40,40,0,C
,WHIT-LAP-DELL-5310,RC PC,60,60,0,C
,WHIT-LAP-DELL-5420,RC PC,60,60,0,C
,WHIT-LAP-DELL-5490,RC PC,60,60,0,C
,WHIT-LAP-FUJ-512GB,RC PC,60,60,0,C
,WHIT-LAP-LEN-L14-G5,RC PC,30,60,30,C
,WHIT-MON-ELO-1715L,RC PCB,25,25,0,C
,WHIT-MON-FUJ-21.5,RC PCB,25,25,0,C
,WHIT-MON-HP-27,RC PCB,30,25,-5,C
,WHIT-MON-IIYAMA-22,RC PCB,35,35,0,C
,WHIT-MON-LCD-17,RC PCB,20,20,0,C
,WHIT-MON-LCD-DELL-22,RC PCB,30,25,-5,C
,WHIT-MON-VIEW-22,RC PCB,35,35,0,C
,WHIT-PC-DELL-7070,RC PC,30,30,0,C
,WHIT-PC-DELL-7090,RC PC,30,30,0,C
,WHIT-PC-FUJ-1024GB,RC PC,30,30,0,C
,WHIT-PC-LEN-M70Q-G4,RC PC,30,30,0,C
,WHIT-PC-LEN-M70Q-G5,RC PC,30,30,0,C
,WHIT-PHO-BDRM-T33G,RC PC,15,15,0,C
,WHIT-POS-A1050,RC PC,45,45,0,C
,WHIT-PTR-EPS-TMT88II-IP,RC PRINTERS & PERIPHERALS,30,30,0,C
,WHIT-PTR-EPS-TMU220B-IP,RC PRINTERS & PERIPHERALS,30,30,0,C
,WHIT-PTR-EPS-TMU230,RC PRINTERS & PERIPHERALS,30,30,0,C
,WHIT-PTR-TM88-BLK,RC PRINTERS & PERIPHERALS,45,45,0,C
,WHIT-PTR-TMU200B-BLK,RC PRINTERS & PERIPHERALS,45,45,0,C
,WHIT-PTR-TMU220B-BLK,RC PRINTERS & PERIPHERALS,45,45,0,C
,WHIT-PTR-TSP800,RC PRINTERS & PERIPHERALS,45,45,0,C
,YC-BSE-AUR-YUNO,RC PC,45,45,0,C
,YC-BSE-CEILO-PX150,RC PC,45,45,0,C
,YC-BSE-FLY-POS335-BK,RC PC,45,45,0,C
,YC-PTR-STAR-USB,RC PRINTERS & PERIPHERALS,25,30,5,C
,ADP-CDR-J2-CW,RC PRINTERS & PERIPHERALS,10,10,0,M
,ADP-DVI-VGA-ADAPTOR,RC PRINTERS & PERIPHERALS,50,10,-40,M
,ADP-HP-DP-VGA,RC PRINTERS & PERIPHERALS,55,10,-45,M
,ADP-RJ11-BT-LID,RC PRINTERS & PERIPHERALS,10,10,0,M
,ASW-CAB-WIN-TH250,RC PRINTERS & PERIPHERALS,15,10,-5,M
,ASW-CDR-LOCK-INSERT,RC PRINTERS & PERIPHERALS,25,15,-10,M
,BAT-SYM-MC9090,RC PCB,50,0,-50,M
,BAT-TOSH-TEC-GH30,RC PCB,10,10,0,M
,BAT-UNI-PA962,RC PCB,35,5,-30,M
,BKT-J2-680-POLE-CW,RC PRINTERS & PERIPHERALS,10,10,0,M
,BSE-J2-650-POLE,RC PC,15,10,-5,M
,BSE-J2-680-POLE,RC PRINTERS & PERIPHERALS,15,10,-5,M
,CAB-12USB-PWR-USB,RC PCB,10,10,0,M
,CAB-12VUSB-PWR,RC PCB,10,10,0,M
,CAB-24VUSB-3PIN-5M,RC PRINTERS & PERIPHERALS,10,15,5,M
,CAB-24V-USB-HOSIDON,RC PRINTERS & PERIPHERALS,5,5,0,M
,CAB-4POS-DETAG-EXT,RC PCB,20,10,-10,M
,CAB-4POS-RS232-M-F,RC PCB,10,10,0,M
,CAB-4POS-RS232-RJ45,RC PCB,10,10,0,M
,CAB-55414.07.4.16,RC PCB,55,15,-40,M
,CAB-ADSL-RJ11-RJ11,RC PCB,50,10,-40,M
,CAB-ANK-CDR-DIN-5M,RC PRINTERS & PERIPHERALS,15,10,-5,M
,CAB-ANK-CDR-PS2-5M,RC PRINTERS & PERIPHERALS,10,10,0,M
,CAB-ATM-PWR-6P-CW,RC PCB,15,30,15,M
,CAB-ATM-SAN-3PIN-PWR,RC PRINTERS & PERIPHERALS,15,15,0,M
,CAB-AUR-216A0495,RC PRINTERS & PERIPHERALS,10,10,0,M
,CAB-CAT5-10METRE,RC PCB,20,10,-10,M
,CAB-CAT5-1METRE,RC PCB,50,10,-40,M
,CAB-CAT5-20METRE,RC PCB,55,25,-30,M
,CAB-CAT5-3METRE,RC PCB,55,25,-30,M
,CAB-CAT5-5METRE,RC PCB,50,10,-40,M
,CAB-CAT6-3M-GRY,RC PCB,10,10,0,M
,CAB-CAT6-5M-GRN,RC PCB,10,10,0,M
,CAB-CAT6-5M-GRY,RC PCB,10,10,0,M
,CAB-DIGI-CAB65138,RC PCB,65,5,-60,M
,CAB-DIS-HDMI-1M,RC PCB,10,10,0,M
,CAB-DP-HDMI-0.5M,RC PCB,10,10,0,M
,CAB-DPORT-2M,RC PCB,10,10,0,M
,CAB-DVID-DVID-5M,RC PCB,10,10,0,M
,CAB-DVID-DVID-RA-5M,RC PCB,20,10,-10,M
,CAB-HDMI,RC PCB,60,10,-50,M
,CAB-HDMI-HDMI-3M,RC PCB,10,10,0,M
,CAB-ISC-5M-ITAB,RC PCB,10,10,0,M
,CAB-ISC-XLR,RC PCB,10,10,0,M
,CAB-MAG-9800-SCA-5M,RC PCB,20,10,-10,M
,CAB-NCR-497-0444099,RC PRINTERS & PERIPHERALS,50,15,-35,M
,CAB-NULL-MODEM,RC PCB,50,15,-35,M
,CAB-PARALLEL-PRINTER,RC PRINTERS & PERIPHERALS,65,10,-55,M
,CAB-PARALLEL-PTR-36PIN,RC PRINTERS & PERIPHERALS,65,10,-55,M
,CAB-PHONE-RED,RC PCB,10,10,0,M
,CAB-PS170-24V-STRAIGHT,RC PRINTERS & PERIPHERALS,10,10,0,M
,CAB-PWR-FIG8-UK3PIN,RC PCB,65,10,-55,M
,CAB-PWR-KET-CLOVER,RC PCB,65,10,-55,M
,CAB-PWR-KET-STD,RC PCB,50,10,-40,M
,CAB-SCN-MAG-9800,RC PCB,15,15,0,M
,CAB-SL502-5M-BLK,RC PCB,15,10,-5,M
,CAB-SL502-DTA-CABLE,RC PRINTERS & PERIPHERALS,35,10,-25,M
,CAB-STD-RS2-9WF-9WF,RC PRINTERS & PERIPHERALS,35,10,-25,M
,CAB-SVGA-15PIN-STD,RC PCB,35,10,-25,M
,CAB-TM88IV-24V-USB,RC PRINTERS & PERIPHERALS,10,10,0,M
,CAB-USB-1M-AB,RC PRINTERS & PERIPHERALS,75,10,-65,M
,CAB-USB-2M-AB,RC PRINTERS & PERIPHERALS,40,10,-30,M
,CAB-USB-2M-A-MICRO,RC PRINTERS & PERIPHERALS,85,10,-75,M
,CAB-USB-3M-AA,RC PRINTERS & PERIPHERALS,85,10,-75,M
,CAB-USB-3M-AB,RC PRINTERS & PERIPHERALS,85,10,-75,M
,CAB-USB-A-MINI-B,RC PRINTERS & PERIPHERALS,85,10,-75,M
,CAB-USBC-3M-RED,RC PCB,10,10,0,M
,CAB-USBC-4POS-5M,RC PCB,10,10,0,M
,CAB-USB-DATA-POWER,RC PCB,15,10,-5,M
,CAB-USB-FLY-135,RC PCB,15,10,-5,M
,CEC-AV-TYPEA-EUROMOD,RC PCB,15,10,-5,M
,CEC-CAB-521-USB-BLK,RC DCD,10,10,0,M
,CEC-FPLT-SX7070WH,RC PRINTERS & PERIPHERALS,10,10,0,M
,CEC-P400-MNT,RC PRINTERS & PERIPHERALS,10,10,0,M
,CEC-PATTRESS-BOX,RC PRINTERS & PERIPHERALS,15,15,0,M
,CEC-SCN-STAND,RC DCD,10,10,0,M
,CLEAN-KIT-DUST-MASK,RC PRINTERS & PERIPHERALS,50,20,-30,M
,CLEAN-THERMAL-PEN,RC PRINTERS & PERIPHERALS,40,10,-30,M
,CLK-ADP-STAR-MCW10-WIFI,RC PRINTERS & PERIPHERALS,15,15,0,M
,CON-4POS-LCK-KEY,RC PRINTERS & PERIPHERALS,10,10,0,M
,CON-BAT-CR2032-3V,RC PCB,5,5,0,M
,CON-CDR-LOCK-KE,RC PRINTERS & PERIPHERALS,35,10,-25,M
,CON-CDR-TEC-51A-KEY,RC PRINTERS & PERIPHERALS,35,10,-25,M
,CON-DIG-SCREW-CADDY,RC PC,35,30,-5,M
,CON-DVS-240-4PORT,RC PC,35,30,-5,M
,CON-GEN-BENDER-M-M,RC PCB,35,10,-25,M
,CON-P-BRO-HL1430-D+T,RC PRINTERS & PERIPHERALS,70,15,-55,M
,CON-PC-AUR-ODSY-CDU1,RC PCB,75,5,-70,M
,CON-PC-IPOS-USB-POR,RC PC,30,25,-5,M
,CON-P-HP-4050-CON-P,RC PRINTERS & PERIPHERALS,34,15,-19,M
,CON-SPACE-3POLE,RC PRINTERS & PERIPHERALS,15,15,0,M
,CONT-4POS-LED,RC PCB,15,15,0,M
,CON-TSP700-IFCARD,RC PRINTERS & PERIPHERALS,10,10,0,M
,COS-CAB-3S423-RJ11,RC PRINTERS & PERIPHERALS,15,10,-5,M
,COS-CAB-CAT5-1.5M-RED,RC PCB,10,10,0,M
,COS-CAB-CAT5-1M,RC PCB,10,10,0,M
,COS-CAB-DS457-USB,RC DCD,10,10,0,M
,COS-CAB-DS9208-USB,RC DCD,10,10,0,M
,COS-CDR-INT-LOCK,RC PRINTERS & PERIPHERALS,10,10,0,M
,COS-CDR-LOCK-C4141B,RC PRINTERS & PERIPHERALS,10,10,0,M
,COS-CON-M3-8MM-PAN,RC PC,5,5,0,M
,COS-HH-MNT-VX820,RC PCB,15,10,-5,M
,COS-MNT-P400-PLATE,RC PCB,10,10,0,M
,COS-MNT-SPC-P400,RC PCB,15,10,-5,M
,COS-MNT-VX820-POLE-ASSY,RC PCB,10,10,0,M
,COS-PLT-P400,RC PCB,10,10,0,M
,COS-TAB-CASE-MS-GO2,RC DCD,10,10,0,M
,COS-TAB-EASEL-GO2,RC DCD,15,10,-5,M
,COS-TAB-TYP-COVER,RC DCD,15,10,-5,M
,COS-TAB-UAG-COVER,RC DCD,10,10,0,M
,CRA-NOR-PICO-RF601,RC DCD,70,5,-65,M
,CW-J2-680-STAND,RC PC,10,10,0,M
,CW-MEM-MNGR-PC,RC PC,5,5,0,M
,DN-SCO-CAB-LED,RC PCB,15,10,-5,M
,HP-ELITEPOS-BKPLT,RC PC,5,5,0,M
,HWS-PZH-TMU88-PSU,RC PCB,15,10,-5,M
,MCD-BAT-QUA-PRO9,RC MCD,15,15,0,M
,MCD-BAT-ZEB-L10,RC MCD,15,15,0,M
,MCD-CAB-0.5-DVI-D-24,RC MCD,15,10,-5,M
,MCD-CAB-10M-VGA-9PIN-M/M,RC MCD,15,15,0,M
,MCD-CAB-10M-VGA-M/M,RC MCD,15,15,0,M
,MCD-CAB-2M-CEL-GRIL-PAN,RC MCD,15,15,0,M
,MCD-CAB-2M-DVI-D,RC MCD,15,15,0,M
,MCD-CAB-2M-USB/SER-ADP-PAN,RC MCD,15,15,0,M
,MCD-CAB-3M-VGA-M/F,RC MCD,15,15,0,M
,MCD-CAB-3M-VGA-M/M,RC MCD,15,15,0,M
,MCD-CAB-ACR-4PIN,RC MCD,15,15,0,M
,MCD-CAB-CAT6-10FT-BLU,RC MCD,15,15,0,M
,MCD-CAB-CAT6-10FT-GRY,RC MCD,15,15,0,M
,MCD-CAB-CAT6-15FT-BLU,RC MCD,15,15,0,M
,MCD-CAB-CAT6-15FT-YEL,RC MCD,15,15,0,M
,MCD-CAB-CAT6-1FT-GRY,RC MCD,15,15,0,M
,MCD-CAB-CAT6-3FT-GRY,RC MCD,15,15,0,M
,MCD-CAB-CAT6-7FT-GRY,RC MCD,15,15,0,M
,MCD-CAB-DVIDM-2DVIDF,RC MCD,15,15,0,M
,MCD-CAB-FIG8-13A-5M,RC MCD,10,10,0,M
,MCD-CAB-GRIL-CAT5-PAR,RC MCD,15,15,0,M
,MCD-CAB-GRIL-USB-ADP,RC MCD,15,15,0,M
,MCD-CAB-HDMI-EXT-KIT,RC MCD,25,20,-5,M
,MCD-CAB-L3000-DT-5M,RC MCD,10,10,0,M
,MCD-CAB-L3000-FC-2M,RC MCD,10,10,0,M
,MCD-CAB-NCR-CX7-DP,RC MCD,15,15,0,M
,MCD-CAB-NCR-CX7-FC,RC MCD,15,15,0,M
,MCD-CAB-OAT/PAN-RJ45,RC MCD,20,15,-5,M
,MCD-CAB-PAM970-0.5-ORG-PTR,RC MCD,15,15,0,M
,MCD-CAB-PAN970-2M-PED-SHRT,RC MCD,10,10,0,M
,MCD-CAB-PAN970-CDR,RC MCD,15,10,-5,M
,MCD-CAB-PAN-CEIL-BUMP,RC MCD,15,15,0,M
,MCD-CAB-PAN-DT20-BUMP,RC MCD,15,15,0,M
,MCD-CAB-PAN-DT-BUMP,RC MCD,15,15,0,M
,MCD-CAB-PANDT-VGA-CONV,RC MCD,15,15,0,M
,MCD-CAB-PAN-KVS-BUMP,RC MCD,15,5,-10,M
,MCD-CAB-PAR-DT20-BUMP,RC MCD,20,20,0,M
,MCD-CAB-PAR-RJ11-CDR,RC MCD,15,10,-5,M
,MCD-CAB-PED-PAN-JS970,RC MCD,10,10,0,M
,MCD-CAB-PTR-GRIL-PAN970,RC MCD,15,15,0,M
,MCD-CAB-PTR-HP-ROI,RC MCD,15,15,0,M
,MCD-CAB-PTR-JS170-25D,RC MCD,15,15,0,M
,MCD-CAB-PTR-JS970-RJ50/25WAY,RC MCD,15,15,0,M
,MCD-CAB-PTR-PAN-JS970,RC MCD,15,15,0,M
,MCD-CAB-PTR-PAR-RJ45,RC MCD,15,15,0,M
,MCD-CAB-PWR-3A-UK,RC MCD,15,15,0,M
,MCD-CAB-PWR-3PIN-RGT-ANGLE,RC MCD,15,15,0,M
,MCD-CAB-PWR-SPLIT-DTSV2,RC MCD,10,10,0,M
,MCD-CAB-RJ45/9W-PAN,RC MCD,15,15,0,M
,MCD-CAB-S4000-PED-KIT,RC MCD,15,15,0,M
,MCD-CAB-SPT-PTR-DB9/USB,RC MCD,15,15,0,M
,MCD-CAB-SPT-PTR-USB/RJ45,RC MCD,15,15,0,M
,MCD-CAB-USB2-A/B-BLK,RC MCD,15,15,0,M
,MCD-CAB-USB-A/A-M/F,RC MCD,15,15,0,M
,MCD-CAB-USBA/RS232-0.5M,RC MCD,5,10,5,M
,MCD-CAB-VGA-CAT5-KIT,RC MCD,25,20,-5,M
,MCD-CASE-L3000-KIT,RC MCD,15,10,-5,M
,MCD-CASE-NEX-7007,RC MCD,15,15,0,M
,MCD-CAT5-F/PLATE-2 PORT,RC MCD,15,10,-5,M
,MCD-CAT5-F/PLATE-4 PORT,RC MCD,15,10,-5,M
,MCD-COD-DR-KEY,RC MCD,15,10,-5,M
,MCD-DMB-CAB-DB9/JCK,RC MCD,10,10,0,M
,MCD-DMB-CAB-DB9-F/F-5M,RC MCD,10,10,0,M
,MCD-DMB-CAB-DP-M/M-10M,RC MCD,10,10,0,M
,MCD-DMB-CAB-HDMI-M/M-2M,RC MCD,10,10,0,M
,MCD-DMB-NEC-ADP-STV2,RC MCD,30,10,-20,M
,MCD-DT-CAB-CA5-VGA-KIT,RC MCD,20,20,0,M
,MCD-DT-CAB-VGA-CAT5-KIT,RC MCD,30,20,-10,M
,MCD-KSK-ARCEURO-LOCK-KIT,RC MCD,15,10,-5,M
,MCD-KSK-ARCNGK-LOCKUK-KIT,RC MCD,15,10,-5,M
,MCD-KSK-CON-EVOK-GASSTRUT-KIT,RC MCD,15,10,-5,M
,MCD-KSK-CON-EVOK-LOCK,RC MCD,15,10,-5,M
,MCD-KSK-MD27-LOCK-KIT,RC MCD,10,10,0,M
,MCD-KSK-RELEASE-12V-KIT,RC MCD,15,10,-5,M
,MNT-VESA-M2M-AIO-V2,RC PC,15,15,0,M
,NWK-ADP-DVI-VGA,RC PRINTERS & PERIPHERALS,10,10,0,M
,NWK-IBM-4695-012SVGA,RC PC,10,10,0,M
,NWK-IBM-4695-022-ACD,RC PC,10,10,0,M
,NWK-LAVA-CARD-LONDIS,RC PC,15,10,-5,M
,NWK-MRI-PCIDS/PAR,RC PC,10,10,0,M
,NWK-PCI-DVS-240-SUB,RC PC,15,10,-5,M
,ODE-CON-10SQ-HINGE,RC PRINTERS & PERIPHERALS,5,10,5,M
,ODE-CON-LCK-KEY-KSK,RC PRINTERS & PERIPHERALS,10,10,0,M
,ODE-CON-LGT-BD-10SQ,RC PRINTERS & PERIPHERALS,10,10,0,M
,OST-CAB-USB-3M,RC PRINTERS & PERIPHERALS,5,10,5,M
,OST-CON-COINCUP,RC PRINTERS & PERIPHERALS,10,10,0,M
,OST-IPP350-POLE,RC PRINTERS & PERIPHERALS,10,10,0,M
,OST-MON-FLY-POLE,RC PRINTERS & PERIPHERALS,20,10,-10,M
,PAD-BPS-LOCK-BLACK,RC PRINTERS & PERIPHERALS,10,10,0,M
,PAD-BPS-LOCK-BLUE,RC PRINTERS & PERIPHERALS,10,10,0,M
,PAD-BPS-LOCK-YELLOW,RC PRINTERS & PERIPHERALS,10,10,0,M
,PAD-BPS-NV200-BEZEL,RC PC,15,10,-5,M
,PAD-BPS-VX6-FAN,RC PC,10,10,0,M
,PAD-BRA-EPIC-430,RC PRINTERS & PERIPHERALS,15,15,0,M
,PAD-CAB-CAT5-3M-BLUE,RC PCB,10,10,0,M
,PAD-CAB-CAT5-STD,RC PCB,10,10,0,M
,PAD-CAB-DISPLAYPORT,RC PCB,10,10,0,M
,PAD-CAB-DP-DP-M2M,RC PCB,15,10,-5,M
,PAD-CAB-DP-DVI,RC PCB,10,10,0,M
,PAD-CAB-DVID-DVID,RC PCB,10,10,0,M
,PAD-CAB-DVI-F-HDMI-M,RC PCB,10,10,0,M
,PAD-CAB-G13-COIN,RC PCB,15,10,-5,M
,PAD-CAB-GREY-USB,RC PCB,10,10,0,M
,PAD-CAB-KET-STD,RC PCB,10,10,0,M
,PAD-CAB-NV200-RIBBON,RC PCB,10,10,0,M
,PAD-CAB-PWR-IF17,RC PCB,20,15,-5,M
,PAD-CAB-USB-0.5M,RC PCB,10,10,0,M
,PAD-CAB-USB-AB,RC PRINTERS & PERIPHERALS,10,10,0,M
,PAD-CAT5-PORT,RC PRINTERS & PERIPHERALS,5,10,5,M
,PAD-CIS-POE,RC PCB,15,10,-5,M
,PAD-CON-BAT-CR2032-3V,RC PCB,5,5,0,M
,PAD-CON-IF17-USB,RC PCB,15,15,0,M
,PAD-CON-MO-USB-BLK,RC PRINTERS & PERIPHERALS,30,15,-15,M
,PAD-DVI-M-HDMI-F,RC PCB,10,10,0,M
,PAD-LOCK-SWITCH-RED,RC PRINTERS & PERIPHERALS,10,10,0,M
,PAD-MNT-BRA-SCREEN,RC PRINTERS & PERIPHERALS,10,10,0,M
,PAD-NOTE-BOX-GEWE,RC PRINTERS & PERIPHERALS,15,15,0,M
,PAD-SSBT-BPS-DOOR-CASH,RC PC,15,15,0,M
,PAD-SSBT-BPS-DOOR-PC,RC PC,15,15,0,M
,PAD-VGA-DP-CONV,RC PC,5,10,5,M
,POLE-AUR-YUNO,RC PC,15,10,-5,M
,RI-CAB-IBM-RPT-PTR-USB,RC PRINTERS & PERIPHERALS,10,10,0,M
,SCN-DOR-HR2260-HOLDER,RC DCD,5,5,0,M
,SIG-CAB-9W-25W,RC PRINTERS & PERIPHERALS,10,10,0,M
,SIG-CON-KBD-ADP-USB,RC PRINTERS & PERIPHERALS,20,15,-5,M
,SIG-CON-MOU-USB,RC PRINTERS & PERIPHERALS,15,15,0,M
,SUP-ASW016-BA92-SPACE,RC PRINTERS & PERIPHERALS,10,10,0,M
,SUP-CAB-NLSHR22-USB,RC DCD,10,10,0,M
,SUP-CAB-R13-S09EAR,RC DCD,5,5,0,M
,SUP-CAB-WIN-CRKB3039,RC PCB,15,10,-5,M
,THR-ADP-EPS-T6716,RC PRINTERS & PERIPHERALS,10,10,0,M
,THR-BAT-SYM-CS4070,RC PCB,10,10,0,M
,THR-CAB-IPAD-CHARGE-BLK,RC DCD,5,5,0,M
,THR-CAB-ZEB-CS4070,RC DCD,15,15,0,M
,THR-CON-MOUSE-USB,RC PRINTERS & PERIPHERALS,10,10,0,M
,THR-EPS-DONGLE,RC PRINTERS & PERIPHERALS,10,10,0,M
,TPS-CAB-DAT-24V-USB,RC PRINTERS & PERIPHERALS,10,10,0,M
,TPS-CAB-STD-BLK,RC PCB,5,10,5,M
,TPS-MNT-BA9X-BLK,RC PCB,10,10,0,M
,WHIT-ADP-2PT-OUTLET,RC PCB,10,10,0,M
,WHIT-ADP-4PT-OUTLET,RC PCB,15,10,-5,M
,WHIT-ADP-DIN-RJ11,RC PRINTERS & PERIPHERALS,10,10,0,M
,WHIT-ADP-DPORT-VGA,RC PCB,10,10,0,M
,WHIT-ADP-RS422-USB,RC PRINTERS & PERIPHERALS,10,10,0,M
,WHIT-CAB-ADSL-3MTR,RC PCB,10,10,0,M
,WHIT-CAB-CAT5-2M,RC PCB,10,10,0,M
,WHIT-CAB-DIS-HDMI-6FT,RC PCB,10,10,0,M
,WHIT-CAB-DPORT-1.8M,RC PRINTERS & PERIPHERALS,10,10,0,M
,WHIT-CAB-IDN,RC PRINTERS & PERIPHERALS,15,10,-5,M
,WHIT-CAB-LEN-PLUG-10W,RC PCB,10,10,0,M
,WHIT-CAB-LEN-USB-1M,RC PCB,5,10,5,M
,WHIT-CAB-RJ11-RJ45,RC PCB,10,10,0,M
,WHIT-CAB-USB-AB-6FT,RC PRINTERS & PERIPHERALS,5,10,5,M
,WHIT-CAB-VGA-1M,RC PCB,10,10,0,M
,WHIT-CAT5-1M-GREY,RC PCB,5,10,5,M
,WHIT-CAT5-2M-GREY,RC PCB,10,10,0,M
,WHIT-CAT5-2M-PINK,RC PCB,5,10,5,M
,WHIT-CAT5-2M-RED,RC PCB,10,10,0,M
,WHIT-CAT5E-VGA,RC PCB,15,10,-5,M
,WHIT-CAT6-1M-BLUE,RC PCB,5,10,5,M
,WHIT-CAT6-2M-PINK,RC PCB,5,10,5,M
,WHIT-CBS-0822-KEY,RC PRINTERS & PERIPHERALS,10,10,0,M
,WHIT-CONT-PSU,RC PCB,15,10,-5,M
,WHIT-FIB-PAT-CAB,RC PCB,15,15,0,M
,WHIT-HOTEL-PHONE-YL-T33G,RC PRINTERS & PERIPHERALS,15,10,-5,M
,WHIT-PHONE-YL-W56H,RC PRINTERS & PERIPHERALS,20,10,-10,M
,WHIT-PHONE-YL-W76P-BUN,RC PRINTERS & PERIPHERALS,20,10,-10,M
,WHIT-SMALL-VESA-MOU,RC PRINTERS & PERIPHERALS,10,10,0,M
,WHIT-TAB-CSE-LEN-M10,RC DCD,25,20,-5,M
,WHS-ADP-3COM-POE-INJ,RC PCB,10,10,0,M
,MCD-BNC-T-147,RC DCD ,5,0,0,M
,ASW-HHT-ZEB-TC27,RC DCD,45,45,0,S
,OST-HHT-ZEB-TC51,RC DCD,45,45,0,S
,OST-HHT-ZEB-TC53E,RC DCD,45,45,0,S
,SUP-SCN-HHT-ZEB-TC51,RC DCD,45,45,0,S
,TRG-HHT-ZEB-TC52,RC DCD,45,45,0,S
,ASW-HHT-ZEBRA-TC26,RC DCD,90,80,-10,S
,ASW-KIOSK-NCR-SS90,RC PC,120,120,0,S
,BSE-DAT92000-BWI-SNK,RC PC,75,75,0,S
,BSE-DIG-CORE-RC510,RC PC,85,80,-5,S
,BSE-DIG-RET-ACT-E150,RC PC,75,70,-5,S
,BSE-DIG-TOCCARE-D510,RC PC,75,70,-5,S
,BSE-EPS-IM700,RC PC,60,50,-10,S
,CCTV-3AXIS-VNDAL-DME,RC PC,75,70,-5,S
,CCTV-DSP264-BODY-CAM,RC PC,55,50,-5,S
,CON-PCB-REP-B,RC PCB,30,25,-5,S
,MCD-DMB-NEC-TFT-P403,RC MCD,120,120,0,S
,MCD-DMB-NEC-TFT-P404,RC MCD,120,120,0,S
,MCD-DMB-NEC-TFT-P463,RC MCD,120,120,0,S
,MCD-DMB-SAM-TFT-QM43B,RC MCD,120,120,0,S
,MCD-OOW-LG-HB-49IN,RC MCD,50,50,0,S
,OST-HHT-ZEB-TC52,RC DCD,45,45,0,S
,OST-HHT-ZEB-TC52-PKR,RC DCD,45,45,0,S
,PAD-BPS-SSBT-COMPLETE,RC PC,120,120,0,S
,PAD-SVR-DELL-T430,RC PC,65,60,-5,S
,PTR-BRO-HL1430,RC PRINTERS & PERIPHERALS,55,55,0,S
,PTR-BRO-HL2030,RC PRINTERS & PERIPHERALS,55,55,0,S
,PTR-BRO-HL2040,RC PRINTERS & PERIPHERALS,65,55,-10,S
,PTR-BRO-HL2140,RC PRINTERS & PERIPHERALS,55,55,0,S
,PTR-BRO-HL2240,RC PRINTERS & PERIPHERALS,65,55,-10,S
,PTR-BRO-HL2240-WDT,RC PRINTERS & PERIPHERALS,55,55,0,S
,PTR-BRO-HL5100DN,RC PRINTERS & PERIPHERALS,65,55,-10,S
,PTR-BRO-HL5150-D,RC PRINTERS & PERIPHERALS,55,55,0,S
,PTR-BRO-HL5250DN,RC PRINTERS & PERIPHERALS,65,55,-10,S
,PTR-BRO-HL5250DN-WDT,RC PRINTERS & PERIPHERALS,55,55,0,S
,PTR-BRO-HL5270DN,RC PRINTERS & PERIPHERALS,45,55,10,S
,PTR-BRO-HL5340DN-WDT,RC PRINTERS & PERIPHERALS,50,55,5,S
,PTR-BRO-HL5350DN,RC PRINTERS & PERIPHERALS,65,55,-10,S
,PTR-BRO-HL5450DN,RC PRINTERS & PERIPHERALS,65,55,-10,S
,PTR-BRO-HL5450DN-WDT,RC PRINTERS & PERIPHERALS,65,55,-10,S
,PTR-BRO-HL6400DW,RC PRINTERS & PERIPHERALS,65,55,-10,S
,PTR-BRO-HL8250CDN,RC PRINTERS & PERIPHERALS,40,55,15,S
,PTR-BRO-HL-L6415DW,RC PRINTERS & PERIPHERALS,65,55,-10,S
,PTR-BRO-LT6900,RC PRINTERS & PERIPHERALS,65,55,-10,S
,PTR-BRO-MFC-L2740DW,RC PRINTERS & PERIPHERALS,65,55,-10,S
,PTR-BRO-MFC-L2750DW,RC PRINTERS & PERIPHERALS,65,55,-10,S
,PTR-BRO-MFC-L8690CDW,RC PRINTERS & PERIPHERALS,65,55,-10,S
,RI-PTR-KYOC-FS4020DN,RC PRINTERS & PERIPHERALS,65,55,-10,S
,RI-PTR-KYOC-FS4100DN,RC PRINTERS & PERIPHERALS,65,55,-10,S
,RI-PTR-RICOH-P501,RC PRINTERS & PERIPHERALS,65,55,-10,S
,RI-PTR-RICOH-SP4520DN,RC PRINTERS & PERIPHERALS,65,55,-10,S
,SUP-HHT-ZEBRA-TC26-PSL,RC DCD,45,45,0,S
,SVR-DELL-R710,RC PC,120,120,0,S
,SVR-DELL-R720,RC PC,75,120,45,S
,SVR-HP-PRO-ML310E-G8,RC PC,65,60,-5,S
,THR-PTR-EPS-C5790DWF,RC PRINTERS & PERIPHERALS,90,60,-30,S
,THR-PTR-EPS-M5299DW,RC PRINTERS & PERIPHERALS,90,60,-30,S
,THR-PTR-EPS-M5799,RC PRINTERS & PERIPHERALS,90,60,-30,S
,WHIT-PTR-C579DWF,RC PRINTERS & PERIPHERALS,90,60,-30,S
,WHIT-PTR-EPS-EMC800RDWF,RC PRINTERS & PERIPHERALS,90,60,-30,S
,WHIT-PTR-EPS-M5399DW,RC PRINTERS & PERIPHERALS,90,60,-30,S
,WHIT-PTR-EPS-M5899DWF,RC PRINTERS & PERIPHERALS,90,60,-30,S
,WHIT-PTR-M5299DW,RC PRINTERS & PERIPHERALS,90,60,-30,S
,WHIT-PTR-M5799DWF,RC PRINTERS & PERIPHERALS,90,60,-30,S
,ASW-HHT-ZEB-TC22,RC DCD,45,0,0,S
,MCD-PTR-LAB3-KIT-V2,RC PRINTERS & PERIPHERALS,,,,S
,COS-TAB-MIC-COMPLIANCE,RC DCD,25,30,5,X
,TRG-TAB-SAM-A8,RC DCD,25,0,0,X
,CON-PCB-REP-C,RC PCB,45,25,-20,X
,MCD-DMB-LG-TFT-49IN,RC MCD,120,120,0,X
,MCD-DMB-LG-TFT-49UH7F-H,RC MCD,120,120,0,X
,MCD-DMB-LG-TFT-49UH7J-H,RC MCD,120,120,0,X
,MCD-DMB-NEC-TFT-V404,RC MCD,120,120,0,X
,MCD-DMB-NEC-TFT-X474HB,RC MCD,120,120,0,X
,MCD-DMB-SAM-TFT-QH50C,RC MCD,120,120,0,X
,MCD-ODMB-LG-TFT-49UH7N-E,RC MCD,120,120,0,X
,MCD-ODMB-SAM-TFT-LH55Q,RC MCD,120,120,0,X
,MCD-ODMB-SAM-TFT-OH55A-S,RC MCD,120,120,0,X
,MCD-ODMB-SAM-TFT-OH55F,RC MCD,120,120,0,X
,MCD-OOW-LG-TFT-49UH7J-H,RC MCD,120,120,0,X
,MCD-OOW-LG-TFT-49UH7N-E,RC MCD,120,120,0,X
,MCD-OOW-SAM-TFT-OH55A-S,RC MCD,120,120,0,X
,MCD-OOW-SAM-TFT-QH50C,RC MCD,120,120,0,X
,MON-NEC-50,RC PCB,60,45,-15,X
,MON-NEC-55,RC PCB,30,45,15,X
,MON-PAN-50,RC PCB,30,45,15,X
,MON-TOSH-50-LCD,RC PCB,45,45,0,X
,ODE-ATM-TMAG-V2,RC PCB,120,120,0,X
,RI-BSE-IBM-X226,RC PC,120,120,0,X
,RI-BSE-IBM-X3400-M3,RC PC,120,120,0,X
,SIG-PTR-ZEB-Z4M,RC PRINTERS & PERIPHERALS,240,120,-120,X
,TRG-TAB-SAM-A9-64,RC DCD,241,120,-121,X
,CEC-HHT-ZEB-TC51,RC DCD,,,,S
,TRG-TAB-SAM-A9-PLUS-64,RC DCD,,,,X
